rank_icon,Model,Arena Score,Organization,License,input_cost_per_million_tokens ($),output_cost_per_million_tokens ($),input_cost_per_million_tokens_batches ($),output_cost_per_million_tokens_batches ($),coding,vision,aaii,mmlu_pro,arc_agi,Rank* (UB),matched_model,model,code_interpreter_cost_per_session,computer_use_input_cost_per_1k_tokens,computer_use_output_cost_per_1k_tokens,deprecation_date,file_search_cost_per_1k_calls,file_search_cost_per_gb_per_day,input_cost_per_audio_token,litellm_provider,max_input_tokens,max_output_tokens,max_tokens,mode,search_context_cost_per_query,supported_regions,supports_audio_input,supports_audio_output,supports_function_calling,supports_parallel_function_calling,supports_prompt_caching,supports_reasoning,supports_response_schema,supports_system_messages,supports_vision,supports_web_search,vector_store_cost_per_gb_per_day,output_cost_per_image,input_cost_per_pixel,output_cost_per_pixel,metadata,source,supported_endpoints,supports_pdf_input,cache_read_input_token_cost,supports_video_input,input_cost_per_image_token,input_cost_per_image,input_cost_per_video_per_second,input_cost_per_audio_per_second,output_vector_size,supports_embedding_image_input,supports_image_input,input_cost_per_query,max_document_chunks_per_query,max_query_tokens,max_tokens_per_document_chunk,output_cost_per_image_premium_image,output_cost_per_image_above_512_and_512_pixels,output_cost_per_image_above_512_and_512_pixels_and_premium_image,output_cost_per_image_above_1024_and_1024_pixels,output_cost_per_image_above_1024_and_1024_pixels_and_premium_image,cache_creation_input_token_cost,supports_assistant_prefill,supports_tool_choice,supports_computer_use,tool_use_system_prompt_tokens,supports_native_streaming,input_cost_per_token_above_200k_tokens,output_cost_per_token_above_200k_tokens,cache_creation_input_token_cost_above_200k_tokens,cache_read_input_token_cost_above_200k_tokens,cache_creation_input_token_cost_above_1hr,cache_creation_input_token_cost_above_1hr_above_200k_tokens,input_cost_per_second,output_cost_per_second,supported_modalities,supported_output_modalities,comment,cache_creation_input_audio_token_cost,output_cost_per_audio_token,cache_read_input_audio_token_cost,cache_read_input_token_cost_priority,input_cost_per_token_priority,output_cost_per_token_priority,supports_service_tier,cache_read_input_image_token_cost,output_cost_per_image_token,input_cost_per_character,ocr_cost_per_page,output_cost_per_character,tiered_pricing,input_dbu_cost_per_token,output_dbu_cost_per_token,input_cost_per_token_cache_hit,max_images_per_prompt,max_video_length,max_videos_per_prompt,input_cost_per_audio_per_second_above_128k_tokens,input_cost_per_character_above_128k_tokens,input_cost_per_image_above_128k_tokens,input_cost_per_token_above_128k_tokens,input_cost_per_video_per_second_above_128k_tokens,max_audio_length_hours,max_audio_per_prompt,max_pdf_size_mb,output_cost_per_character_above_128k_tokens,output_cost_per_token_above_128k_tokens,supports_url_context,rpm,tpm,rpd,cache_read_input_token_cost_flex,input_cost_per_token_flex,output_cost_per_token_flex,annotation_cost_per_page,input_cost_per_video_per_second_above_15s_interval,input_cost_per_video_per_second_above_8s_interval,input_cost_per_request,citation_cost_per_token,supports_preset,input_cost_per_token_batch_requests,output_cost_per_video_per_second,supported_resolutions,openrouter_id,canonical_slug,hugging_face_id,output_cost_per_reasoning_per_million_tokens ($)
üèÜ,claude opus 4.6 thinking,1503.0,Anthropic,Proprietary,5.00,25.00,,,1553,,73,89.7,69.2,1,claude-opus-4.6,claude-opus-4.6,,,,,,,,openrouter,1000000,128000,,chat,,,,,,,,,,,,,,,,,,,,,,,,,,,,,,,,,,,,,,,,,,,,,,,,,,,,,,,,,,,,,,,,,,,,,,,,,,,,,,,,,,,,,,,,,,,,,,,,,,,,,anthropic/claude-opus-4.6,anthropic/claude-4.6-opus-20260205,,
üèÜ,gemini-3-pro,1492.0,Google,Proprietary,2.00,12.00,1.00,6.00,1501,1318,73,90,31.1,2,gemini-3-pro-preview,gemini-3-pro-preview,,,,,,,,vertex_ai-language-models,1048576,65535,65535,chat,,,True,,True,,True,True,True,True,True,True,,,,,,https://cloud.google.com/vertex-ai/generative-ai/pricing,"['/v1/chat/completions', '/v1/completions', '/v1/batch']",True,2e-07,True,,,,,,,,,,,,,,,,,,,True,,,True,4e-06,1.8e-05,2.5e-07,4e-07,,,,,"['text', 'image', 'audio', 'video']",['text'],,,,,,,,,,,,,,,,,,3000.0,1.0,10.0,,,,,,8.4,1.0,30.0,,,,,,,,,,,,,,,,,,,,,,
üèÜ,claude opus 4.6,1490.0,Anthropic,Proprietary,5.00,25.00,,,1530,,71,89.5,64.6,3,claude-opus-4.6,claude-opus-4.6,,,,,,,,openrouter,1000000,128000,,chat,,,,,,,,,,,,,,,,,,,,,,,,,,,,,,,,,,,,,,,,,,,,,,,,,,,,,,,,,,,,,,,,,,,,,,,,,,,,,,,,,,,,,,,,,,,,,,,,,,,,,anthropic/claude-opus-4.6,anthropic/claude-4.6-opus-20260205,,
üèÜ,grok-4.1-thinking,1482.0,xAI,Proprietary,0.20,0.50,,,1483,,70,89,26,4,grok-4.1-fast,grok-4.1-fast,,,,,,,,openrouter,2000000,30000,,chat,,,,,,,,,,,,,,,,,,,,,,,,,,,,,,,,,,,,,,,,,,,,,,,,,,,,,,,,,,,,,,,,,,,,,,,,,,,,,,,,,,,,,,,,,,,,,,,,,,,,,x-ai/grok-4.1-fast,x-ai/grok-4.1-fast,,
ü•á,gemini-3-flash,1470.0,Google,Proprietary,0.50,3.00,,,1469,1292,71,89,33.6,5,gemini-3-flash-preview,gemini-3-flash-preview,,,,,,,1e-06,gemini,1048576,65535,65535,chat,,,,False,True,True,True,True,True,True,True,True,,,,,,https://ai.google.dev/pricing/gemini-3,"['/v1/chat/completions', '/v1/completions', '/v1/batch']",True,5e-08,,,,,,,,,,,,,,,,,,,,True,,,True,,,,,,,,,"['text', 'image', 'audio', 'video']",['text'],,,,,,,,,,,,,,,,,,3000.0,1.0,10.0,,,,,,8.4,1.0,30.0,,,True,2000.0,800000.0,,,,,,,,,,,,,,,,,3.0
ü•á,claude opus 4.5,1466.0,Anthropic,Proprietary,5.00,25.00,,,1510,,70,89.5,30.6,6,claude-opus-4.5,claude-opus-4.5,,,,,,,,openrouter,200000,32000,32000,chat,,,,,True,,True,True,,,True,,,,,,,,,,5e-07,,,,,,,,,,,,,,,,,,6.25e-06,True,True,True,159.0,,,,,,,,,,,,,,,,,,,,,,,,,,,,,,,,,,,,,,,,,,,,,,,,,,,,,,,,,,,,,
ü•á,gpt-5.2-high,1465.0,OpenAI,Proprietary,1.75,14.00,,,1470,1280,72,87.4,43.3,7,gpt-5.2,gpt-5.2,,,,,,,,openai,272000,128000,128000,chat,,,,,True,True,True,True,True,True,True,,,,,,,,"['/v1/chat/completions', '/v1/batch', '/v1/responses']",True,1.75e-07,,,,,,,,,,,,,,,,,,,,True,,,True,,,,,,,,,"['text', 'image']","['text', 'image']",,,,,3.5e-07,3.5e-06,2.8e-05,True,,,,,,,,,,,,,,,,,,,,,,,,,,,,,,,,,,,,,,,,,,
ü•á,gpt-5.1-high,1464.0,OpenAI,Proprietary,1.25,10.00,,,1466,1250,70,87.1,17.6,8,gpt-5.1,gpt-5.1,,,,,,,,openai,272000,128000,128000,chat,,,,,True,True,True,True,True,True,True,,,,,,,,"['/v1/chat/completions', '/v1/responses']",True,1.25e-07,,,,,,,,,,,,,,,,,,,,True,,,True,,,,,,,,,"['text', 'image']","['text', 'image']",,,,,2.5e-07,2.5e-06,2e-05,True,,,,,,,,,,,,,,,,,,,,,,,,,,,,,,,,,,,,,,,,,,
ü•á,gpt-5.2,1464.0,OpenAI,Proprietary,1.75,14.00,,,1465,1248,68,87.4,26.7,9,gpt-5.2,gpt-5.2,,,,,,,,openai,272000,128000,128000,chat,,,,,True,True,True,True,True,True,True,,,,,,,,"['/v1/chat/completions', '/v1/batch', '/v1/responses']",True,1.75e-07,,,,,,,,,,,,,,,,,,,,True,,,True,,,,,,,,,"['text', 'image']","['text', 'image']",,,,,3.5e-07,3.5e-06,2.8e-05,True,,,,,,,,,,,,,,,,,,,,,,,,,,,,,,,,,,,,,,,,,,
ü•á,grok-4.1,1463.0,xAI,Proprietary,0.20,0.50,,,1463,,68,88,,10,grok-4.1-fast,grok-4.1-fast,,,,,,,,openrouter,2000000,30000,,chat,,,,,,,,,,,,,,,,,,,,,,,,,,,,,,,,,,,,,,,,,,,,,,,,,,,,,,,,,,,,,,,,,,,,,,,,,,,,,,,,,,,,,,,,,,,,,,,,,,,,,x-ai/grok-4.1-fast,x-ai/grok-4.1-fast,,
ü•á,claude opus 4.5,1462.0,Anthropic,Proprietary,5.00,25.00,,,1481,,60,88.8,7.8,11,claude-opus-4.5,claude-opus-4.5,,,,,,,,openrouter,200000,32000,32000,chat,,,,,True,,True,True,,,True,,,,,,,,,,5e-07,,,,,,,,,,,,,,,,,,6.25e-06,True,True,True,159.0,,,,,,,,,,,,,,,,,,,,,,,,,,,,,,,,,,,,,,,,,,,,,,,,,,,,,,,,,,,,,
ü•á,gemini-2.5-pro,1460.0,Google,Proprietary,1.25,10.00,,,1465,1266,63,86.2,4.9,12,gemini-2.5-pro,gemini-2.5-pro,,,,,,,,vertex_ai-language-models,1048576,65535,65535,chat,,,True,,True,,True,True,True,True,True,True,,,,,,https://cloud.google.com/vertex-ai/generative-ai/pricing,"['/v1/chat/completions', '/v1/completions']",True,1.25e-07,True,,,,,,,,,,,,,,,,,,,True,,,,2.5e-06,1.5e-05,2.5e-07,2.5e-07,,,,,"['text', 'image', 'audio', 'video']",['text'],,,,,,,,,,,,,,,,,,3000.0,1.0,10.0,,,,,,8.4,1.0,30.0,,,,,,,,,,,,,,,,,,,,,,
ü•á,ernie-5.0,1458.0,Baidu,Proprietary,,,,,1461,1251,60,85,,13,,,,,,,,,,,,,,,,,,,,,,,,,,,,,,,,,,,,,,,,,,,,,,,,,,,,,,,,,,,,,,,,,,,,,,,,,,,,,,,,,,,,,,,,,,,,,,,,,,,,,,,,,,,,,,,,,,,,,,
ü•á,glm-5,1452.0,Z.ai,MIT,0.80,2.56,,,1461,,70,87,,14,glm-5,glm-5,,,,,,,,openrouter,202752,131072,,chat,,,,,,,,,,,,,,,,,,,,,,,,,,,,,,,,,,,,,,,,,,,,,,,,,,,,,,,,,,,,,,,,,,,,,,,,,,,,,,,,,,,,,,,,,,,,,,,,,,,,,z-ai/glm-5,z-ai/glm-5-20260211,zai-org/glm-5,
ü•á,kimi-k2.5-thinking,1451.0,Moonshot,Modified MIT,0.60,3.00,,,1480,1271,69,87.1,,15,kimi-k2.5,kimi-k2.5,,,,,,,,openrouter,262144,262144,262144,chat,,,,,True,,,,,,True,,,,,,,https://openrouter.ai/moonshotai/kimi-k2.5,,,1e-07,True,,,,,,,,,,,,,,,,,,,True,,,,,,,,,,,,,,,,,,,,,,,,,,,,,,,,,,,,,,,,,,,,,,,,,,,,,,,,,,,,,,,
ü•á,glm-4.7,1445.0,Z.ai,MIT,0.40,1.50,,,1460,,68,85.6,,16,glm-4.7,glm-4.7,,,,,,,,openrouter,202752,64000,64000,chat,,,,,True,,False,True,,,True,,,,,,,,,,0.0,,,,,,,,,,,,,,,,,,0.0,True,True,,,,,,,,,,,,,,,,,,,,,,,,,,,,,,,,,,,,,,,,,,,,,,,,,,,,,,,,,,,,,,,
ü•á,gpt-5-high,1444.0,OpenAI,Proprietary,1.25,10.00,,,1460,1232,66,87.1,9.9,17,gpt-5-2025-08-07,gpt-5-2025-08-07,,,,,,,,openai,272000,128000,128000,chat,,,,,True,True,True,True,True,True,True,,,,,,,,"['/v1/chat/completions', '/v1/batch', '/v1/responses']",True,1.25e-07,,,,,,,,,,,,,,,,,,,,True,,,True,,,,,,,,,"['text', 'image']",['text'],,,,,2.5e-07,2.5e-06,2e-05,True,,,,,,,,,,,,,,,,,,,,,,,,,,,6.25e-08,6.25e-07,5e-06,,,,,,,,,,,,,
ü•á,qwen3-max,1443.0,Alibaba,Proprietary,,,,,1468,,64,85.3,,18,qwen3-max-preview,qwen3-max-preview,,,,,,,,dashscope,258048,65536,65536,chat,,,,,True,,,True,,,,,,,,,,https://www.alibabacloud.com/help/en/model-studio/models,,,,,,,,,,,,,,,,,,,,,,,True,,,,,,,,,,,,,,,,,,,,,,,,,,,"[{'input_cost_per_token': 1.2e-06, 'output_cost_per_token': 6e-06, 'range': [0, 32000.0]}, {'input_cost_per_token': 2.4e-06, 'output_cost_per_token': 1.2e-05, 'range': [32000.0, 128000.0]}, {'input_cost_per_token': 3e-06, 'output_cost_per_token': 1.5e-05, 'range': [128000.0, 252000.0]}]",,,,,,,,,,,,,,,,,,,,,,,,,,,,,,,,,,,,
ü•á,grok-4,1442.0,xAI,Proprietary,3.00,15.00,,,1453,1221,66,86.6,16,19,grok-4,grok-4,,,,,,,,openrouter,256000,256000,256000,chat,,,,,True,,,True,,,,True,,,,,,https://openrouter.ai/x-ai/grok-4,,,,,,,,,,,,,,,,,,,,,,,True,,,,,,,,,,,,,,,,,,,,,,,,,,,,,,,,,,,,,,,,,,,,,,,,,,,,,,,,,,,,,,,
ü•á,glm-4.6,1441.0,Z.ai,MIT,0.40,1.75,,,1458,,56,83.5,,20,glm-4.6,glm-4.6,,,,,,,,openrouter,202800,131000,131000,chat,,,,,True,,True,True,,,,,,,,,,https://openrouter.ai/z-ai/glm-4.6,,,,,,,,,,,,,,,,,,,,,,,True,,,,,,,,,,,,,,,,,,,,,,,,,,,,,,,,,,,,,,,,,,,,,,,,,,,,,,,,,,,,,,,
ü•á,gpt-5.1,1440.0,OpenAI,Proprietary,1.25,10.00,,,1450,1243,66,87,7.5,21,gpt-5.1,gpt-5.1,,,,,,,,openai,272000,128000,128000,chat,,,,,True,True,True,True,True,True,True,,,,,,,,"['/v1/chat/completions', '/v1/responses']",True,1.25e-07,,,,,,,,,,,,,,,,,,,,True,,,True,,,,,,,,,"['text', 'image']","['text', 'image']",,,,,2.5e-07,2.5e-06,2e-05,True,,,,,,,,,,,,,,,,,,,,,,,,,,,,,,,,,,,,,,,,,,
ü•á,kimi-k2-thinking,1438.0,Moonshot,Modified MIT,0.40,1.75,,,1450,,67,84.8,,22,kimi-k2-thinking,kimi-k2-thinking,,,,,,,,openrouter,262144,65535,,chat,,,,,,,,,,,,,,,,,,,,,,,,,,,,,,,,,,,,,,,,,,,,,,,,,,,,,,,,,,,,,,,,,,,,,,,,,,,,,,,,,,,,,,,,,,,,,,,,,,,,,moonshotai/kimi-k2-thinking,moonshotai/kimi-k2-thinking-20251106,moonshotai/kimi-k2-thinking,
ü•á,claude sonnet 4.5,1431.0,Anthropic,Proprietary,3.00,15.00,,,1485,,61,87.5,13.6,23,claude-sonnet-4.5,claude-sonnet-4.5,,,,,,,,openrouter,1000000,1000000,1000000,chat,,,,,True,,True,True,,,True,,,,,,,,,,3e-07,,,0.0048,,,,,,,,,,,,,,,3.75e-06,True,True,True,159.0,,6e-06,2.25e-05,7.5e-06,6e-07,,,,,,,,,,,,,,,,,,,,,,,,,,,,,,,,,,,,,,,,,,,,,,,,,,,,,,,,
ü•à,glm-4.5,1430.0,Z.ai,MIT,0.35,1.55,,,1448,,54,83.5,,24,glm-4.5,glm-4.5,,,,,,,,openrouter,131072,65536,,chat,,,,,,,,,,,,,,,,,,,,,,,,,,,,,,,,,,,,,,,,,,,,,,,,,,,,,,,,,,,,,,,,,,,,,,,,,,,,,,,,,,,,,,,,,,,,,,,,,,,,,z-ai/glm-4.5,z-ai/glm-4.5,zai-org/glm-4.5,
ü•à,qwen3-vl-235b-a22b-instruct,1429.0,Alibaba,Apache 2.0,0.20,0.88,,,1457,1246,49,82.8,,25,qwen3-vl-235b-a22b-instruct,qwen3-vl-235b-a22b-instruct,,,,,,,,openrouter,262144,,,chat,,,,,,,,,,,,,,,,,,,,,,,,,,,,,,,,,,,,,,,,,,,,,,,,,,,,,,,,,,,,,,,,,,,,,,,,,,,,,,,,,,,,,,,,,,,,,,,,,,,,,qwen/qwen3-vl-235b-a22b-instruct,qwen/qwen3-vl-235b-a22b-instruct,qwen/qwen3-vl-235b-a22b-instruct,
ü•à,mistral large 3,1428.0,Mistral,Apache 2.0,0.50,1.50,,,1450,,40,81,,26,mistral-large-3,mistral-large-3,,,,,,,,azure_ai,256000,8191,8191,chat,,,,,True,,,,,,True,,,,,,,https://azure.microsoft.com/en-us/blog/introducing-mistral-large-3-in-microsoft-foundry-open-capable-and-ready-for-production-workloads/,,,,,,,,,,,,,,,,,,,,,,,True,,,,,,,,,,,,,,,,,,,,,,,,,,,,,,,,,,,,,,,,,,,,,,,,,,,,,,,,,,,,,,,
ü•à,chatgpt-4o-latest,1427.0,OpenAI,Proprietary,5.00,15.00,,,1434,1242,38,80.3,,27,chatgpt-4o-latest,chatgpt-4o-latest,,,,,,,,openai,128000,4096,4096,chat,,,,,True,True,True,,,True,True,,,,,,,,,True,,,,,,,,,,,,,,,,,,,,,True,,,,,,,,,,,,,,,,,,,,,,,,,,,,,,,,,,,,,,,,,,,,,,,,,,,,,,,,,,,,,,,
ü•à,deepseek-r1-0528,1426.0,DeepSeek,MIT,0.50,2.15,,,1436,,57,84.9,1.3,28,deepseek-r1-0528,deepseek-r1-0528,,,,,,,,openrouter,65336,8192,8192,chat,,,,,True,,True,True,,,,,,,,,,,,,,,,,,,,,,,,,,,,,,,,True,True,,,,,,,,,,,,,,,,,,,,,,,,,,,,,,1.4e-07,,,,,,,,,,,,,,,,,,,,,,,,,,,,,,,,,
ü•à,claude opus 4.1,1425.0,Anthropic,Proprietary,15.00,75.00,,,1475,,59,87.8,,29,claude-opus-4.1,claude-opus-4.1,,,,,,,,openrouter,200000,32000,32000,chat,,,,,True,,True,True,,,True,,,,,,,,,,1.5e-06,,,0.0048,,,,,,,,,,,,,,,1.875e-05,True,True,True,159.0,,,,,,3e-05,,,,,,,,,,,,,,,,,,,,,,,,,,,,,,,,,,,,,,,,,,,,,,,,,,,,,,,
ü•à,o3-2025-04-16,1424.0,OpenAI,Proprietary,2.00,8.00,,,1441,1218,65,85.3,6.5,30,o3-2025-04-16,o3-2025-04-16,,,,,,,,openai,200000,100000,100000,chat,,,,,True,False,True,True,True,,True,,,,,,,,"['/v1/responses', '/v1/chat/completions', '/v1/completions', '/v1/batch']",True,5e-07,,,,,,,,,,,,,,,,,,,,True,,,,,,,,,,,,"['text', 'image']",['text'],,,,,,,,True,,,,,,,,,,,,,,,,,,,,,,,,,,,,,,,,,,,,,,,,,,
ü•à,grok-3-preview-02-24,1423.0,xAI,Proprietary,,,,,1439,,44,79.9,,31,,,,,,,,,,,,,,,,,,,,,,,,,,,,,,,,,,,,,,,,,,,,,,,,,,,,,,,,,,,,,,,,,,,,,,,,,,,,,,,,,,,,,,,,,,,,,,,,,,,,,,,,,,,,,,,,,,,,,,
ü•à,deepseek-v3.2-thinking,1421.0,DeepSeek,MIT,0.28,0.40,,,1438,,66,86.2,,32,deepseek-v3.2,deepseek-v3.2,,,,,,,,openrouter,163840,163840,163840,chat,,,,,True,,True,True,,,,,,,,,,,,,,,,,,,,,,,,,,,,,,,,True,True,,,,,,,,,,,,,,,,,,,,,,,,,,,,,,2.8e-08,,,,,,,,,,,,,,,,,,,,,,,,,,,,,,,,,
ü•à,claude sonnet 4.5,1420.0,Anthropic,Proprietary,3.00,15.00,,,1464,,49,86,,33,claude-sonnet-4.5,claude-sonnet-4.5,,,,,,,,openrouter,1000000,1000000,1000000,chat,,,,,True,,True,True,,,True,,,,,,,,,,3e-07,,,0.0048,,,,,,,,,,,,,,,3.75e-06,True,True,True,159.0,,6e-06,2.25e-05,7.5e-06,6e-07,,,,,,,,,,,,,,,,,,,,,,,,,,,,,,,,,,,,,,,,,,,,,,,,,,,,,,,,
ü•à,longcat-flash-chat,1420.0,Meituan,MIT,0.20,0.80,,,1463,,49,82.7,,34,longcat-flash-chat,longcat-flash-chat,,,,,,,,openrouter,131072,32768,,chat,,,,,,,,,,,,,,,,,,,,,,,,,,,,,,,,,,,,,,,,,,,,,,,,,,,,,,,,,,,,,,,,,,,,,,,,,,,,,,,,,,,,,,,,,,,,,,,,,,,,,meituan/longcat-flash-chat,meituan/longcat-flash-chat,meituan-longcat/longcat-flash-chat,
ü•à,claude opus 4.1,1419.0,Anthropic,Proprietary,15.00,75.00,,,1465,,47,87.3,,35,claude-opus-4.1,claude-opus-4.1,,,,,,,,openrouter,200000,32000,32000,chat,,,,,True,,True,True,,,True,,,,,,,,,,1.5e-06,,,0.0048,,,,,,,,,,,,,,,1.875e-05,True,True,True,159.0,,,,,,3e-05,,,,,,,,,,,,,,,,,,,,,,,,,,,,,,,,,,,,,,,,,,,,,,,,,,,,,,,
ü•à,grok-4-fast,1419.0,xAI,Proprietary,0.20,0.50,,,1441,,62,85,,36,grok-4-fast,grok-4-fast,,,,,,,,openrouter,2000000,30000,,chat,,,,,,,,,,,,,,,,,,,,,,,,,,,,,,,,,,,,,,,,,,,,,,,,,,,,,,,,,,,,,,,,,,,,,,,,,,,,,,,,,,,,,,,,,,,,,,,,,,,,,x-ai/grok-4-fast,x-ai/grok-4-fast,,
ü•à,qwen3-235b-a22b-instruct-2507,1418.0,Alibaba,Apache 2.0,0.07,0.10,,,1457,,49,82.8,1.3,37,qwen3-235b-a22b-instruct-2507,qwen3-235b-a22b-instruct-2507,,,,,,,,openrouter,262144,,,chat,,,,,,,,,,,,,,,,,,,,,,,,,,,,,,,,,,,,,,,,,,,,,,,,,,,,,,,,,,,,,,,,,,,,,,,,,,,,,,,,,,,,,,,,,,,,,,,,,,,,,qwen/qwen3-235b-a22b-2507,qwen/qwen3-235b-a22b-07-25,qwen/qwen3-235b-a22b-instruct-2507,
ü•à,deepseek-v3.1-thinking,1418.0,DeepSeek,MIT,0.15,0.75,,,1437,,58,85.1,,38,deepseek-v3.1,deepseek-v3.1,,,,,,,,openrouter,32768,7168,,chat,,,,,,,,,,,,,,,,,,,,,,,,,,,,,,,,,,,,,,,,,,,,,,,,,,,,,,,,,,,,,,,,,,,,,,,,,,,,,,,,,,,,,,,,,,,,,,,,,,,,,deepseek/deepseek-chat-v3.1,deepseek/deepseek-chat-v3.1,deepseek-ai/deepseek-v3.1,
ü•à,deepseek-v3.2,1418.0,DeepSeek,MIT,0.28,0.40,,,1431,,52,83.7,,39,deepseek-v3.2,deepseek-v3.2,,,,,,,,openrouter,163840,163840,163840,chat,,,,,True,,True,True,,,,,,,,,,,,,,,,,,,,,,,,,,,,,,,,True,True,,,,,,,,,,,,,,,,,,,,,,,,,,,,,,2.8e-08,,,,,,,,,,,,,,,,,,,,,,,,,,,,,,,,,
ü•à,qwen3-next-80b-a3b-instruct,1417.0,Alibaba,Apache 2.0,0.09,1.10,,,1456,,57,82.4,,40,qwen3-next-80b-a3b-instruct,qwen3-next-80b-a3b-instruct,,,,,,,,openrouter,262144,,,chat,,,,,,,,,,,,,,,,,,,,,,,,,,,,,,,,,,,,,,,,,,,,,,,,,,,,,,,,,,,,,,,,,,,,,,,,,,,,,,,,,,,,,,,,,,,,,,,,,,,,,qwen/qwen3-next-80b-a3b-instruct,qwen/qwen3-next-80b-a3b-instruct-2509,qwen/qwen3-next-80b-a3b-instruct,
ü•à,amazon-nova-chat-11-10,1417.0,Amazon,Proprietary,,,,,1431,,62,83,,41,,,,,,,,,,,,,,,,,,,,,,,,,,,,,,,,,,,,,,,,,,,,,,,,,,,,,,,,,,,,,,,,,,,,,,,,,,,,,,,,,,,,,,,,,,,,,,,,,,,,,,,,,,,,,,,,,,,,,,
ü•à,deepseek-v3.1,1417.0,DeepSeek,MIT,0.15,0.75,,,1430,,47,83.3,,42,deepseek-v3.1,deepseek-v3.1,,,,,,,,openrouter,32768,7168,,chat,,,,,,,,,,,,,,,,,,,,,,,,,,,,,,,,,,,,,,,,,,,,,,,,,,,,,,,,,,,,,,,,,,,,,,,,,,,,,,,,,,,,,,,,,,,,,,,,,,,,,deepseek/deepseek-chat-v3.1,deepseek/deepseek-chat-v3.1,deepseek-ai/deepseek-v3.1,
ü•à,qwen3-235b-a22b-thinking-2507,1416.0,Alibaba,Apache 2.0,0.11,0.60,,,1442,,62,84.3,,43,qwen3-235b-a22b-thinking-2507,qwen3-235b-a22b-thinking-2507,,,,,,,,openrouter,262144,262144,262144,chat,,,,,True,,,True,,,,,,,,,,https://openrouter.ai/qwen/qwen3-235b-a22b-thinking-2507,,,,,,,,,,,,,,,,,,,,,,,True,,,,,,,,,,,,,,,,,,,,,,,,,,,,,,,,,,,,,,,,,,,,,,,,,,,,,,,,,,,,,,,
ü•â,gpt-4.5-preview,1415.0,OpenAI,Proprietary,75.00,150.00,37.50,75.00,1419,1190,40,81,0.8,44,gpt-4.5-preview,gpt-4.5-preview,,,,,,,,openai,128000,16384,16384,chat,,,,,True,True,True,,True,True,True,,,,,,,,,True,3.75e-05,,,,,,,,,,,,,,,,,,,,True,,,,,,,,,,,,,,,,,,,,,,,,,,,,,,,,,,,,,,,,,,,,,,,,,,,,,,,,,,,,,,,
ü•â,gpt-5-chat,1413.0,OpenAI,Proprietary,1.25,10.00,,,1421,1238,65,86.6,7.5,45,gpt-5-2025-08-07,gpt-5-2025-08-07,,,,,,,,openai,272000,128000,128000,chat,,,,,True,True,True,True,True,True,True,,,,,,,,"['/v1/chat/completions', '/v1/batch', '/v1/responses']",True,1.25e-07,,,,,,,,,,,,,,,,,,,,True,,,True,,,,,,,,,"['text', 'image']",['text'],,,,,2.5e-07,2.5e-06,2e-05,True,,,,,,,,,,,,,,,,,,,,,,,,,,,6.25e-08,6.25e-07,5e-06,,,,,,,,,,,,,
ü•â,gemini-2.5-flash,1412.0,Google,Proprietary,0.30,2.50,,,1420,1235,56,83.2,2.5,46,gemini-2.5-flash,gemini-2.5-flash,,,,,,,1e-06,vertex_ai-language-models,1048576,65535,65535,chat,,,,False,True,True,True,True,True,True,True,True,,,,,,https://ai.google.dev/gemini-api/docs/models#gemini-2.5-flash-preview,"['/v1/chat/completions', '/v1/completions', '/v1/batch']",True,3e-08,,,,,,,,,,,,,,,,,,,,True,,,,,,,,,,,,"['text', 'image', 'audio', 'video']",['text'],,,,,,,,,,,,,,,,,,3000.0,1.0,10.0,,,,,,8.4,1.0,30.0,,,True,,,,,,,,,,,,,,,,,,,2.5
ü•â,qwen3-vl-235b-a22b-thinking,1411.0,Alibaba,Apache 2.0,0.22,0.88,,,1432,1215,62,84.3,,47,qwen3-vl-235b-a22b-thinking,qwen3-vl-235b-a22b-thinking,,,,,,,,fireworks_ai,262144,262144,262144,chat,,,,,,,,,,,,,,,,,,,,,,,,,,,,,,,,,,,,,,,,,,,,,,,,,,,,,,,,,,,,,,,,,,,,,,,,,,,,,,,,,,,,,,,,,,,,,,,,,,,,,,,,
ü•â,hunyuan-vision-1.5-thinking,1410.0,Tencent,Proprietary,,,,,1419,1220,,86.2,,48,,,,,,,,,,,,,,,,,,,,,,,,,,,,,,,,,,,,,,,,,,,,,,,,,,,,,,,,,,,,,,,,,,,,,,,,,,,,,,,,,,,,,,,,,,,,,,,,,,,,,,,,,,,,,,,,,,,,,,
ü•â,mistral medium 3.1,1402.0,Mistral,Proprietary,0.40,2.00,,,1412,,38,77.2,,49,mistral-medium-2505,mistral-medium-2505,,,,,,,,azure_ai,131072,8191,8191,chat,,,,,True,,,,,,,,,,,,,,,,,,,,,,,,,,,,,,,,,,,True,True,,,,,,,,,,,,,,,,,,,,,,,,,,,,,,,,,,,,,,,,,,,,,,,,,,,,,,,,,,,,,,,
ü•â,mimo-v2-flash,1401.0,Xiaomi,MIT,0.09,0.29,,,1411,,65,84.3,,50,mimo-v2-flash,mimo-v2-flash,,,,,,,,openrouter,262144,16384,16384,chat,,,,,True,,False,True,,,False,,,,,,,,,,0.0,,,,,,,,,,,,,,,,,,0.0,,True,,,,,,,,,,,,,,,,,,,,,,,,,,,,,,,,,,,,,,,,,,,,,,,,,,,,,,,,,,,,,,,
ü•â,hunyuan-t1-20250711,1400.0,Tencent,Proprietary,,,,,1409,,,86.2,,51,,,,,,,,,,,,,,,,,,,,,,,,,,,,,,,,,,,,,,,,,,,,,,,,,,,,,,,,,,,,,,,,,,,,,,,,,,,,,,,,,,,,,,,,,,,,,,,,,,,,,,,,,,,,,,,,,,,,,,
ü•â,minimax-m2.1,1399.0,MiniMax,Apache 2.0,0.27,1.20,,,1430,,64,87.5,,52,minimax-m2.1,minimax-m2.1,,,,,,,,openrouter,204000,64000,64000,chat,,,,,True,,False,True,,,True,,,,,,,,,,0.0,,,,,,,,,,,,,,,,,,0.0,,True,False,,,,,,,,,,,,,,,,,,,,,,,,,,,,,,,,,,,,,,,,,,,,,,,,,,,,,,,,,,,,,,
ü•â,mai-1-preview,1398.0,Microsoft,Proprietary,,,,,1406,,,,,53,,,,,,,,,,,,,,,,,,,,,,,,,,,,,,,,,,,,,,,,,,,,,,,,,,,,,,,,,,,,,,,,,,,,,,,,,,,,,,,,,,,,,,,,,,,,,,,,,,,,,,,,,,,,,,,,,,,,,,
ü•â,gemini-2.0-pro-exp-02-05,1398.0,Google,Proprietary,1.25,10.00,,,1396,1170,36,80.5,,54,gemini-2.0-pro-exp-02-05,gemini-2.0-pro-exp-02-05,,,,,,,,vertex_ai-language-models,2097152,8192,8192,chat,,,True,,True,True,True,,True,True,True,True,,,,,,https://cloud.google.com/vertex-ai/generative-ai/pricing,"['/v1/chat/completions', '/v1/completions']",True,3.125e-07,True,,,,,,,,,,,,,,,,,,,True,,,,2.5e-06,1.5e-05,,,,,,,"['text', 'image', 'audio', 'video']",['text'],,,,,,,,,,,,,,,,,,3000.0,1.0,10.0,,,,,,8.4,1.0,30.0,,,,,,,,,,,,,,,,,,,,,,
ü•â,gemini-2.0-flash-thinking-exp-01-21,1397.0,Google,Proprietary,0.00,0.00,,,1383,1208,40,79.8,,55,gemini-2.0-flash-thinking-exp-01-21,gemini-2.0-flash-thinking-exp-01-21,,,,2025-12-02,,,,vertex_ai-language-models,1048576,65536,65536,chat,,,,False,False,True,True,True,False,True,True,True,,,,,,https://cloud.google.com/vertex-ai/generative-ai/docs/learn/models#gemini-2.0-flash,,,0.0,,,0.0,0.0,0.0,,,,,,,,,,,,,,,True,,,,,,,,,,,,"['text', 'image', 'audio', 'video']","['text', 'image']",,,,,,,,,,,0.0,,0.0,,,,,3000.0,1.0,10.0,0.0,0.0,0.0,0.0,0.0,8.4,1.0,30.0,0.0,0.0,,,,,,,,,,,,,,,,,,,,
ü•â,glm-4.5-air,1386.0,Z.ai,MIT,0.13,0.85,,,1410,,47,81.5,,56,glm-4.5-air,glm-4.5-air,,,,,,,,openrouter,131072,98304,,chat,,,,,,,,,,,,,,,,,,,,,,,,,,,,,,,,,,,,,,,,,,,,,,,,,,,,,,,,,,,,,,,,,,,,,,,,,,,,,,,,,,,,,,,,,,,,,,,,,,,,,z-ai/glm-4.5-air,z-ai/glm-4.5-air,zai-org/glm-4.5-air,
ü•â,qwen3-30b-a3b-instruct-2507,1382.0,Alibaba,Apache 2.0,0.07,0.10,,,1425,,44,77.7,,57,qwen3-235b-a22b-instruct-2507,qwen3-235b-a22b-instruct-2507,,,,,,,,openrouter,262144,,,chat,,,,,,,,,,,,,,,,,,,,,,,,,,,,,,,,,,,,,,,,,,,,,,,,,,,,,,,,,,,,,,,,,,,,,,,,,,,,,,,,,,,,,,,,,,,,,,,,,,,,,qwen/qwen3-235b-a22b-2507,qwen/qwen3-235b-a22b-07-25,qwen/qwen3-235b-a22b-instruct-2507,
ü•â,kimi-k2-0905-preview,1382.0,Moonshot,Modified MIT,0.60,2.50,,,1403,,49,82.4,,58,kimi-k2-0905-preview,kimi-k2-0905-preview,,,,,,,,moonshot,262144,262144,262144,chat,,,,,True,,,,,,,True,,,,,,https://platform.moonshot.ai/docs/pricing/chat#generation-model-kimi-k2,,,1.5e-07,,,,,,,,,,,,,,,,,,,,True,,,,,,,,,,,,,,,,,,,,,,,,,,,,,,,,,,,,,,,,,,,,,,,,,,,,,,,,,,,,,,,
ü•â,qwen-vl-max-2025-08-13,1381.0,Alibaba,Apache 2.0,0.80,3.20,,,1440,1213,,,,59,qwen-vl-max,qwen-vl-max,,,,,,,,openrouter,131072,32768,,chat,,,,,,,,,,,,,,,,,,,,,,,,,,,,,,,,,,,,,,,,,,,,,,,,,,,,,,,,,,,,,,,,,,,,,,,,,,,,,,,,,,,,,,,,,,,,,,,,,,,,,qwen/qwen-vl-max,qwen/qwen-vl-max-2025-01-25,,
ü•â,gpt-4.1-2025-04-14,1381.0,OpenAI,Proprietary,2.00,8.00,1.00,4.00,1396,1207,45,80.6,0.4,60,gpt-4.1-2025-04-14,gpt-4.1-2025-04-14,,,,,,,,openai,1047576,32768,32768,chat,,,,,True,True,True,,True,True,True,,,,,,,,"['/v1/chat/completions', '/v1/batch', '/v1/responses']",True,5e-07,,,,,,,,,,,,,,,,,,,,True,,,True,,,,,,,,,"['text', 'image']",['text'],,,,,,,,True,,,,,,,,,,,,,,,,,,,,,,,,,,,,,,,,,,,,,,,,,,
ü•â,kimi-k2-0711-preview,1380.0,Moonshot,Modified MIT,0.60,2.50,,,1402,,47,82.4,,61,kimi-k2-0711-preview,kimi-k2-0711-preview,,,,,,,,moonshot,131072,131072,131072,chat,,,,,True,,,,,,,True,,,,,,https://platform.moonshot.ai/docs/pricing/chat#generation-model-kimi-k2,,,1.5e-07,,,,,,,,,,,,,,,,,,,,True,,,,,,,,,,,,,,,,,,,,,,,,,,,,,,,,,,,,,,,,,,,,,,,,,,,,,,,,,,,,,,,
ü•â,claude haiku 4.5,1378.0,Anthropic,Proprietary,1.00,5.00,,,1436,,42,80,,62,claude-haiku-4.5,claude-haiku-4.5,,,,,,,,openrouter,200000,200000,200000,chat,,,,,True,,True,True,,,True,,,,,,,,,,1e-07,,,,,,,,,,,,,,,,,,1.25e-06,True,True,True,346.0,,,,,,,,,,,,,,,,,,,,,,,,,,,,,,,,,,,,,,,,,,,,,,,,,,,,,,,,,,,,,
ü•â,deepseek-v3-0324,1377.0,DeepSeek,MIT,0.19,0.87,,,1391,,42,81.9,,63,deepseek-v3-0324,deepseek-v3-0324,,,,,,,,openrouter,163840,65536,,chat,,,,,,,,,,,,,,,,,,,,,,,,,,,,,,,,,,,,,,,,,,,,,,,,,,,,,,,,,,,,,,,,,,,,,,,,,,,,,,,,,,,,,,,,,,,,,,,,,,,,,deepseek/deepseek-chat-v3-0324,deepseek/deepseek-chat-v3-0324,deepseek-ai/deepseek-v3-0324,
ü•â,hunyuan-turbos-20250416,1377.0,Tencent,Proprietary,,,,,1390,,,78,,64,,,,,,,,,,,,,,,,,,,,,,,,,,,,,,,,,,,,,,,,,,,,,,,,,,,,,,,,,,,,,,,,,,,,,,,,,,,,,,,,,,,,,,,,,,,,,,,,,,,,,,,,,,,,,,,,,,,,,,
ü•â,claude opus 4,1376.0,Anthropic,Proprietary,15.00,75.00,,,1434,1188,57,87.3,8.6,65,claude-opus-4,claude-opus-4,,,,,,,,openrouter,200000,32000,32000,chat,,,,,True,,True,True,,,True,,,,,,,,,,1.5e-06,,,0.0048,,,,,,,,,,,,,,,1.875e-05,True,True,True,159.0,,,,,,,,,,,,,,,,,,,,,,,,,,,,,,,,,,,,,,,,,,,,,,,,,,,,,,,,,,,,,
ü•â,gpt-5-mini,1375.0,OpenAI,Proprietary,0.25,2.00,,,1419,1214,62,82.8,4.4,66,gpt-5-mini,gpt-5-mini,,,,,,,,openai,272000,128000,128000,chat,,,,,True,True,True,True,True,True,True,,,,,,,,"['/v1/chat/completions', '/v1/batch', '/v1/responses']",True,2.5e-08,,,,,,,,,,,,,,,,,,,,True,,,True,,,,,,,,,"['text', 'image']",['text'],,,,,4.5e-08,4.5e-07,3.6e-06,True,,,,,,,,,,,,,,,,,,,,,,,,,,,1.25e-08,1.25e-07,1e-06,,,,,,,,,,,,,
ü•â,deepseek-r1,1373.0,DeepSeek,MIT,0.55,2.19,,,1382,,48,84.4,1.3,67,deepseek-r1,deepseek-r1,,,,,,,,openrouter,65336,8192,8192,chat,,,,,True,,True,True,,,,,,,,,,,,,,,,,,,,,,,,,,,,,,,,True,True,,,,,,,,,,,,,,,,,,,,,,,,,,,,,,1.4e-07,,,,,,,,,,,,,,,,,,,,,,,,,,,,,,,,,
ü•â,gemini-2.0-flash-exp,1370.0,Google,Proprietary,0.15,0.60,,,1371,1191,36,78.2,1.3,68,gemini-2.0-flash-exp,gemini-2.0-flash-exp,,,,,,,,vertex_ai-language-models,1048576,8192,8192,chat,,,,True,True,True,True,,True,True,True,True,,,,,,https://cloud.google.com/vertex-ai/generative-ai/pricing,,,3.75e-08,,,0.0,0.0,0.0,,,,,,,,,,,,,,,True,,,,,,,,,,,,"['text', 'image', 'audio', 'video']","['text', 'image']",,,,,,,,,,,0.0,,0.0,,,,,3000.0,1.0,10.0,0.0,0.0,0.0,0.0,0.0,8.4,1.0,30.0,0.0,0.0,,,,,,,,,,,,,,,,,,,,
ü•â,qwen3-235b-a22b,1369.0,Alibaba,Apache 2.0,0.30,1.20,,,1394,,46,82.8,,69,qwen3-235b-a22b,qwen3-235b-a22b,,,,,,,,openrouter,40960,40960,,chat,,,,,,,,,,,,,,,,,,,,,,,,,,,,,,,,,,,,,,,,,,,,,,,,,,,,,,,,,,,,,,,,,,,,,,,,,,,,,,,,,,,,,,,,,,,,,,,,,,,,,qwen/qwen3-235b-a22b,qwen/qwen3-235b-a22b-04-28,qwen/qwen3-235b-a22b,
ü•â,mistral medium 3,1369.0,Mistral,Proprietary,0.40,2.00,,,1387,1159,37,76,,70,mistral-medium-2505,mistral-medium-2505,,,,,,,,azure_ai,131072,8191,8191,chat,,,,,True,,,,,,,,,,,,,,,,,,,,,,,,,,,,,,,,,,,True,True,,,,,,,,,,,,,,,,,,,,,,,,,,,,,,,,,,,,,,,,,,,,,,,,,,,,,,,,,,,,,,,
ü•â,gpt-oss-120b,1368.0,OpenAI,Apache 2.0,0.18,0.80,,,1398,,59,80.8,,71,gpt-oss-120b,gpt-oss-120b,,,,,,,,openrouter,131072,32768,32768,chat,,,,,True,True,,True,True,,,,,,,,,https://openrouter.ai/openai/gpt-oss-120b,,,,,,,,,,,,,,,,,,,,,,,True,,,,,,,,,,,,,,,,,,,,,,,,,,,,,,,,,,,,,,,,,,,,,,,,,,,,,,,,,,,,,,,
ü•â,qwen2.5-max,1367.0,Alibaba,Proprietary,,,,,1373,,32,76.2,,72,,,,,,,,,,,,,,,,,,,,,,,,,,,,,,,,,,,,,,,,,,,,,,,,,,,,,,,,,,,,,,,,,,,,,,,,,,,,,,,,,,,,,,,,,,,,,,,,,,,,,,,,,,,,,,,,,,,,,,
ü•â,claude opus 4,1366.0,Anthropic,Proprietary,15.00,75.00,,,1405,1173,45,86,1.3,73,claude-opus-4,claude-opus-4,,,,,,,,openrouter,200000,32000,32000,chat,,,,,True,,True,True,,,True,,,,,,,,,,1.5e-06,,,0.0048,,,,,,,,,,,,,,,1.875e-05,True,True,True,159.0,,,,,,,,,,,,,,,,,,,,,,,,,,,,,,,,,,,,,,,,,,,,,,,,,,,,,,,,,,,,,
ü•â,grok-3-mini-high,1366.0,xAI,Proprietary,0.30,0.50,,,1380,,56,82.8,,74,grok-3-mini,grok-3-mini,,,,,,,,openrouter,131072,,,chat,,,,,,,,,,,,,,,,,,,,,,,,,,,,,,,,,,,,,,,,,,,,,,,,,,,,,,,,,,,,,,,,,,,,,,,,,,,,,,,,,,,,,,,,,,,,,,,,,,,,,x-ai/grok-3-mini,x-ai/grok-3-mini,,
ü•â,o1-2024-12-17,1366.0,OpenAI,Proprietary,15.00,60.00,,,1378,1166,50,84.1,1.3,75,o1-2024-12-17,o1-2024-12-17,,,,,,,,openai,200000,100000,100000,chat,,,,,True,True,True,True,True,True,True,,,,,,,,,True,7.5e-06,,,,,,,,,,,,,,,,,,,,True,,,,,,,,,,,,,,,,,,,,,,,,,,,,,,,,,,,,,,,,,,,,,,,,,,,,,,,,,,,,,,,
ü•â,o4-mini-2025-04-16,1362.0,OpenAI,Proprietary,1.10,4.40,,,1385,1192,63,83.2,6.1,76,o4-mini,o4-mini,,,,,,,,openai,200000,100000,100000,chat,,,,,True,False,True,True,True,,True,,,,,,,,,True,2.75e-07,,,,,,,,,,,,,,,,,,,,True,,,,,,,,,,,,,,,,,,5e-07,2e-06,8e-06,True,,,,,,,,,,,,,,,,,,,,,,,,,,,1.375e-07,5.5e-07,2.2e-06,,,,,,,,,,,,,
ü•â,step-3,1360.0,StepFun,Proprietary,,,,,1400,1190,,,,77,,,,,,,,,,,,,,,,,,,,,,,,,,,,,,,,,,,,,,,,,,,,,,,,,,,,,,,,,,,,,,,,,,,,,,,,,,,,,,,,,,,,,,,,,,,,,,,,,,,,,,,,,,,,,,,,,,,,,,
ü•â,qwen3-coder-480b-a35b-instruct,1358.0,Alibaba,Apache 2.0,0.22,1.80,,,1406,,43,78.8,,78,qwen3-coder-480b-a35b-instruct,qwen3-coder-480b-a35b-instruct,,,,,,,,openrouter,262144,65536,,chat,,,,,,,,,,,,,,,,,,,,,,,,,,,,,,,,,,,,,,,,,,,,,,,,,,,,,,,,,,,,,,,,,,,,,,,,,,,,,,,,,,,,,,,,,,,,,,,,,,,,,qwen/qwen3-coder:exacto,qwen/qwen3-coder-480b-a35b-07-25,qwen/qwen3-coder-480b-a35b-instruct,
ü™ô,gemma-3-27b-it,1357.0,Google,Gemma,0.04,0.15,,,1350,1163,23,66.9,,79,gemma-3-27b-it,gemma-3-27b-it,,,,,,,,openrouter,128000,65536,,chat,,,,,,,,,,,,,,,,,,,,,,,,,,,,,,,,,,,,,,,,,,,,,,,,,,,,,,,,,,,,,,,,,,,,,,,,,,,,,,,,,,,,,,,,,,,,,,,,,,,,,google/gemma-3-27b-it,google/gemma-3-27b-it,google/gemma-3-27b-it,
ü™ô,intellect-3,1355.0,Prime Intellect,MIT,0.20,1.10,,,1376,,,,,80,intellect-3,intellect-3,,,,,,,,openrouter,131072,131072,,chat,,,,,,,,,,,,,,,,,,,,,,,,,,,,,,,,,,,,,,,,,,,,,,,,,,,,,,,,,,,,,,,,,,,,,,,,,,,,,,,,,,,,,,,,,,,,,,,,,,,,,prime-intellect/intellect-3,prime-intellect/intellect-3-20251126,primeintellect/intellect-3-fp8,
ü™ô,claude sonnet 4,1351.0,Anthropic,Proprietary,3.00,15.00,,,1412,1187,57,84.2,5.9,81,claude-sonnet-4-5,claude-sonnet-4-5,,,,,,,,anthropic,200000,64000,64000,chat,"{'search_context_size_high': 0.01, 'search_context_size_low': 0.01, 'search_context_size_medium': 0.01}",,,,True,,True,True,True,,True,,,,,,,,,True,3e-07,,,,,,,,,,,,,,,,,,3.75e-06,True,True,True,346.0,,6e-06,2.25e-05,7.5e-06,6e-07,,,,,,,,,,,,,,,,,,,,,,,,,,,,,,,,,,,,,,,,,,,,,,,,,,,,,,,,
ü™ô,minimax-m1,1351.0,MiniMax,Apache 2.0,0.40,2.20,,,1369,,51,81.6,,82,minimax-m1,minimax-m1,,,,,,,,openrouter,1000000,40000,,chat,,,,,,,,,,,,,,,,,,,,,,,,,,,,,,,,,,,,,,,,,,,,,,,,,,,,,,,,,,,,,,,,,,,,,,,,,,,,,,,,,,,,,,,,,,,,,,,,,,,,,minimax/minimax-m1,minimax/minimax-m1,,
ü™ô,qwen3-32b,1342.0,Alibaba,Apache 2.0,0.08,0.24,,,1376,,42,79.8,,83,qwen3-32b,qwen3-32b,,,,,,,,openrouter,40960,40960,,chat,,,,,,,,,,,,,,,,,,,,,,,,,,,,,,,,,,,,,,,,,,,,,,,,,,,,,,,,,,,,,,,,,,,,,,,,,,,,,,,,,,,,,,,,,,,,,,,,,,,,,qwen/qwen3-32b,qwen/qwen3-32b-04-28,qwen/qwen3-32b,
ü™ô,llama-3.3-nemotron-super-49b-v1.5,1340.0,Nvidia,Nvidia Open,0.10,0.40,,,1359,,50,81.4,,84,llama-3.3-nemotron-super-49b-v1.5,llama-3.3-nemotron-super-49b-v1.5,,,,,,,,openrouter,131072,,,chat,,,,,,,,,,,,,,,,,,,,,,,,,,,,,,,,,,,,,,,,,,,,,,,,,,,,,,,,,,,,,,,,,,,,,,,,,,,,,,,,,,,,,,,,,,,,,,,,,,,,,nvidia/llama-3.3-nemotron-super-49b-v1.5,nvidia/llama-3.3-nemotron-super-49b-v1.5,nvidia/llama-3_3-nemotron-super-49b-v1_5,
ü™ô,step-1o-turbo-202506,1339.0,StepFun,Proprietary,,,,,1361,1182,,,,85,,,,,,,,,,,,,,,,,,,,,,,,,,,,,,,,,,,,,,,,,,,,,,,,,,,,,,,,,,,,,,,,,,,,,,,,,,,,,,,,,,,,,,,,,,,,,,,,,,,,,,,,,,,,,,,,,,,,,,
ü™ô,o3-mini-high,1338.0,OpenAI,Proprietary,1.10,4.40,,,1380,,53,80.2,3,86,o3-mini-high,o3-mini-high,,,,,,,,openrouter,128000,65536,65536,chat,,,,,True,True,,True,,,False,,,,,,,,,,,,,,,,,,,,,,,,,,,,,,True,,,,,,,,,,,,,,,,,,,,,,,,,,,,,,,,,,,,,,,,,,,,,,,,,,,,,,,,,,,,,,,
ü™ô,gpt-4.1-mini-2025-04-14,1338.0,OpenAI,Proprietary,0.40,1.60,0.20,0.80,1370,1177,40,78.1,,87,gpt-4.1-mini-2025-04-14,gpt-4.1-mini-2025-04-14,,,,,,,,openai,1047576,32768,32768,chat,,,,,True,True,True,,True,True,True,,,,,,,,"['/v1/chat/completions', '/v1/batch', '/v1/responses']",True,1e-07,,,,,,,,,,,,,,,,,,,,True,,,True,,,,,,,,,"['text', 'image']",['text'],,,,,,,,True,,,,,,,,,,,,,,,,,,,,,,,,,,,,,,,,,,,,,,,,,,
ü™ô,gemini-2.5-flash-lite,1337.0,Google,Proprietary,0.10,0.40,,,1362,1205,42,75.9,,88,gemini-2.5-flash-lite,gemini-2.5-flash-lite,,,,,,,3e-07,vertex_ai-language-models,1048576,65535,65535,chat,,,,False,True,True,True,True,True,True,True,True,,,,,,https://ai.google.dev/gemini-api/docs/models#gemini-2.5-flash-preview,"['/v1/chat/completions', '/v1/completions', '/v1/batch']",True,1e-08,,,,,,,,,,,,,,,,,,,,True,,,,,,,,,,,,"['text', 'image', 'audio', 'video']",['text'],,,,,,,,,,,,,,,,,,3000.0,1.0,10.0,,,,,,8.4,1.0,30.0,,,True,,,,,,,,,,,,,,,,,,,0.39999999999999997
ü™ô,mistral-small-3.2-2506,1337.0,Mistral,Apache 2.0,,,,,1361,1145,30,68.1,,89,,,,,,,,,,,,,,,,,,,,,,,,,,,,,,,,,,,,,,,,,,,,,,,,,,,,,,,,,,,,,,,,,,,,,,,,,,,,,,,,,,,,,,,,,,,,,,,,,,,,,,,,,,,,,,,,,,,,,,
ü™ô,claude sonnet 4,1335.0,Anthropic,Proprietary,3.00,15.00,,,1384,1170,44,83.7,1.3,90,claude-sonnet-4-5,claude-sonnet-4-5,,,,,,,,anthropic,200000,64000,64000,chat,"{'search_context_size_high': 0.01, 'search_context_size_low': 0.01, 'search_context_size_medium': 0.01}",,,,True,,True,True,True,,True,,,,,,,,,True,3e-07,,,,,,,,,,,,,,,,,,3.75e-06,True,True,True,346.0,,6e-06,2.25e-05,7.5e-06,6e-07,,,,,,,,,,,,,,,,,,,,,,,,,,,,,,,,,,,,,,,,,,,,,,,,,,,,,,,,
ü™ô,gemma-3-12b-it,1335.0,Google,Gemma,0.03,0.10,,,1310,,22,59.5,,91,gemma-3-12b-it,gemma-3-12b-it,,,,,,,,openrouter,131072,131072,,chat,,,,,,,,,,,,,,,,,,,,,,,,,,,,,,,,,,,,,,,,,,,,,,,,,,,,,,,,,,,,,,,,,,,,,,,,,,,,,,,,,,,,,,,,,,,,,,,,,,,,,google/gemma-3-12b-it,google/gemma-3-12b-it,google/gemma-3-12b-it,
ü™ô,deepseek-v3,1334.0,DeepSeek,DeepSeek,0.30,1.20,,,1337,,33,75.2,,92,deepseek-v3,deepseek-v3,,,,,,,,openrouter,163840,163840,,chat,,,,,,,,,,,,,,,,,,,,,,,,,,,,,,,,,,,,,,,,,,,,,,,,,,,,,,,,,,,,,,,,,,,,,,,,,,,,,,,,,,,,,,,,,,,,,,,,,,,,,deepseek/deepseek-chat,deepseek/deepseek-chat-v3,deepseek-ai/deepseek-v3,
ü™ô,gpt-5-nano,1333.0,OpenAI,Proprietary,0.05,0.40,,,1363,1166,52,77.2,2.6,93,gpt-5-nano,gpt-5-nano,,,,,,,,openai,272000,128000,128000,chat,,,,,True,True,True,True,True,True,True,,,,,,,,"['/v1/chat/completions', '/v1/batch', '/v1/responses']",True,5e-09,,,,,,,,,,,,,,,,,,,,True,,,True,,,,,,,,,"['text', 'image']",['text'],,,,,,2.5e-06,,,,,,,,,,,,,,,,,,,,,,,,,,,,,2.5e-09,2.5e-08,2e-07,,,,,,,,,,,,,
ü™ô,qwq-32b,1332.0,Alibaba,Apache 2.0,0.15,0.40,,,1351,,46,76.4,,94,qwq-32b,qwq-32b,,,,,,,,openrouter,32768,32768,,chat,,,,,,,,,,,,,,,,,,,,,,,,,,,,,,,,,,,,,,,,,,,,,,,,,,,,,,,,,,,,,,,,,,,,,,,,,,,,,,,,,,,,,,,,,,,,,,,,,,,,,qwen/qwq-32b,qwen/qwq-32b,qwen/qwq-32b,
ü™ô,glm-4-plus-0111,1332.0,Z.ai,Proprietary,,,,,1310,,,78.6,,95,,,,,,,,,,,,,,,,,,,,,,,,,,,,,,,,,,,,,,,,,,,,,,,,,,,,,,,,,,,,,,,,,,,,,,,,,,,,,,,,,,,,,,,,,,,,,,,,,,,,,,,,,,,,,,,,,,,,,,
ü™ô,gemini-2.0-flash-lite,1330.0,Google,Proprietary,0.07,0.30,,,1338,1097,28,72.4,,96,gemini-2.0-flash-lite,gemini-2.0-flash-lite,,,,2026-03-31,,,7.5e-08,vertex_ai-language-models,1048576,8192,,chat,,,,True,True,True,True,,True,True,True,True,,,,,,https://cloud.google.com/vertex-ai/generative-ai/docs/learn/models#gemini-2.0-flash,,,1.875e-08,,,,,,,,,,,,,,,,,,,,True,,,,,,,,,,,,"['text', 'image', 'audio', 'video']",['text'],,,,,,,,,,,,,,,,,,3000.0,1.0,10.0,,,,,,8.4,1.0,50.0,,,,,,,,,,,,,,,,,,,,,,
ü™ô,qwen-plus-0125,1327.0,Alibaba,Proprietary,0.40,1.20,,,1339,,,,,97,qwen-plus,qwen-plus,,,,,,,,openrouter,1000000,32768,,chat,,,,,,,,,,,,,,,,,,,,,,,,,,,,,,,,,,,,,,,,,,,,,,,,,,,,,,,,,,,,,,,,,,,,,,,,,,,,,,,,,,,,,,,,,,,,,,,,,,,,,qwen/qwen-plus,qwen/qwen-plus-2025-01-25,,
ü™ô,command a,1327.0,Cohere,CC-BY-NC-4.0,2.50,10.00,,,1336,,30,71.2,,98,command-a,command-a,,,,,,,,openrouter,256000,8192,,chat,,,,,,,,,,,,,,,,,,,,,,,,,,,,,,,,,,,,,,,,,,,,,,,,,,,,,,,,,,,,,,,,,,,,,,,,,,,,,,,,,,,,,,,,,,,,,,,,,,,,,cohere/command-a,cohere/command-a-03-2025,cohereforai/c4ai-command-a-03-2025,
ü™ô,amazon-nova-chat-05-14,1324.0,Amazon,Proprietary,,,,,1337,,33,73.3,,99,,,,,,,,,,,,,,,,,,,,,,,,,,,,,,,,,,,,,,,,,,,,,,,,,,,,,,,,,,,,,,,,,,,,,,,,,,,,,,,,,,,,,,,,,,,,,,,,,,,,,,,,,,,,,,,,,,,,,,
ü™ô,llama-3.1-nemotron-ultra-253b-v1,1321.0,Nvidia,Nvidia Open,0.60,1.80,,,1345,,44,82.5,,100,llama-3.1-nemotron-ultra-253b-v1,llama-3.1-nemotron-ultra-253b-v1,,,,,,,,openrouter,131072,,,chat,,,,,,,,,,,,,,,,,,,,,,,,,,,,,,,,,,,,,,,,,,,,,,,,,,,,,,,,,,,,,,,,,,,,,,,,,,,,,,,,,,,,,,,,,,,,,,,,,,,,,nvidia/llama-3.1-nemotron-ultra-253b-v1,nvidia/llama-3.1-nemotron-ultra-253b-v1,nvidia/llama-3_1-nemotron-ultra-253b-v1,
ü™ô,step-2-16k-exp,1321.0,StepFun,Proprietary,,,,,1313,,,,,101,,,,,,,,,,,,,,,,,,,,,,,,,,,,,,,,,,,,,,,,,,,,,,,,,,,,,,,,,,,,,,,,,,,,,,,,,,,,,,,,,,,,,,,,,,,,,,,,,,,,,,,,,,,,,,,,,,,,,,
ü™ô,qwen3-30b-a3b,1320.0,Alibaba,Apache 2.0,0.06,0.22,,,1346,,40,77.7,,102,qwen3-30b-a3b,qwen3-30b-a3b,,,,,,,,openrouter,40960,40960,,chat,,,,,,,,,,,,,,,,,,,,,,,,,,,,,,,,,,,,,,,,,,,,,,,,,,,,,,,,,,,,,,,,,,,,,,,,,,,,,,,,,,,,,,,,,,,,,,,,,,,,,qwen/qwen3-30b-a3b,qwen/qwen3-30b-a3b-04-28,qwen/qwen3-30b-a3b,
ü™ô,gemini-1.5-pro-002,1320.0,Google,Proprietary,1.25,5.00,,,1311,1158,32,75,0.8,103,gemini-1.5-pro-002,gemini-1.5-pro-002,,,,2025-09-24,,,,vertex_ai-language-models,2097152,8192,8192,chat,,,,,True,True,,,True,True,True,,,,,,,https://cloud.google.com/vertex-ai/generative-ai/docs/learn/models#gemini-1.5-pro,,,,,,0.00032875,0.00032875,3.125e-05,,,,,,,,,,,,,,,True,,,,,,,,,,,,,,,,,,,,,,,,3.125e-07,,1.25e-06,,,,,,,,6.25e-05,6.25e-07,0.0006575,2.5e-06,0.0006575,,,,2.5e-06,1e-05,,,,,,,,,,,,,,,,,,,,
ü™ô,o1-mini,1318.0,OpenAI,Proprietary,1.10,4.40,,,1366,,41,74.2,0.8,104,o1-mini,o1-mini,,,,,,,,openai,128000,65536,65536,chat,,,,,,,True,,,,True,,,,,,,,,True,5.5e-07,,,,,,,,,,,,,,,,,,,,,,,,,,,,,,,,,,,,,,,,,,,,,,,,,,,,,,,,,,,,,,,,,,,,,,,,,,,,,,,,,,,
ü™ô,o3-mini,1318.0,OpenAI,Proprietary,1.10,4.40,,,1361,,51,79.1,2.1,105,o3-mini,o3-mini,,,,,,,,openai,200000,100000,100000,chat,,,,,True,False,True,True,True,,False,,,,,,,,,,5.5e-07,,,,,,,,,,,,,,,,,,,,True,,,,,,,,,,,,,,,,,,,,,,,,,,,,,,,,,,,,,,,,,,,,,,,,,,,,,,,,,,,,,,,
ü™ô,claude 3.7 sonnet,1316.0,Anthropic,Proprietary,3.00,15.00,,,1355,1167,45,83.7,0.9,106,claude-3.7-sonnet,claude-3.7-sonnet,,,,,,,,openrouter,200000,128000,128000,chat,,,,,True,,,True,,,True,,,,,,,,,,,,,0.0048,,,,,,,,,,,,,,,,True,True,True,159.0,,,,,,,,,,,,,,,,,,,,,,,,,,,,,,,,,,,,,,,,,,,,,,,,,,,,,,,,,,,,,
ü™ô,gpt-oss-20b,1315.0,OpenAI,Apache 2.0,0.02,0.10,,,1371,,47,73.6,,107,gpt-oss-20b,gpt-oss-20b,,,,,,,,openrouter,131072,32768,32768,chat,,,,,True,True,,True,True,,,,,,,,,https://openrouter.ai/openai/gpt-oss-20b,,,,,,,,,,,,,,,,,,,,,,,True,,,,,,,,,,,,,,,,,,,,,,,,,,,,,,,,,,,,,,,,,,,,,,,,,,,,,,,,,,,,,,,
ü™ô,hunyuan-turbo-0110,1314.0,Tencent,Proprietary,,,,,1335,,,,,108,,,,,,,,,,,,,,,,,,,,,,,,,,,,,,,,,,,,,,,,,,,,,,,,,,,,,,,,,,,,,,,,,,,,,,,,,,,,,,,,,,,,,,,,,,,,,,,,,,,,,,,,,,,,,,,,,,,,,,
ü™ô,llama-3.3-nemotron-super-49b-v1,1310.0,Nvidia,Nvidia Open,,,,,1320,,38,78.5,,109,,,,,,,,,,,,,,,,,,,,,,,,,,,,,,,,,,,,,,,,,,,,,,,,,,,,,,,,,,,,,,,,,,,,,,,,,,,,,,,,,,,,,,,,,,,,,,,,,,,,,,,,,,,,,,,,,,,,,,
ü™ô,olmo-3-32b-think,1306.0,Ai2,Apache-2.0,0.15,0.50,,,1327,,36,75.9,,110,olmo-3-32b-think,olmo-3-32b-think,,,,,,,,openrouter,65536,65536,,chat,,,,,,,,,,,,,,,,,,,,,,,,,,,,,,,,,,,,,,,,,,,,,,,,,,,,,,,,,,,,,,,,,,,,,,,,,,,,,,,,,,,,,,,,,,,,,,,,,,,,,allenai/olmo-3-32b-think,allenai/olmo-3-32b-think-20251121,allenai/olmo-3-32b-think,
ü™ô,grok-2-08-13,1305.0,xAI,Grok 2,,,,,1298,,26,70.9,,111,,,,,,,,,,,,,,,,,,,,,,,,,,,,,,,,,,,,,,,,,,,,,,,,,,,,,,,,,,,,,,,,,,,,,,,,,,,,,,,,,,,,,,,,,,,,,,,,,,,,,,,,,,,,,,,,,,,,,,
ü™ô,gemma-3n-e4b-it,1304.0,Google,Gemma,0.02,0.04,,,1297,,16,48.8,,112,gemma-3n-e4b-it,gemma-3n-e4b-it,,,,,,,,openrouter,32768,,,chat,,,,,,,,,,,,,,,,,,,,,,,,,,,,,,,,,,,,,,,,,,,,,,,,,,,,,,,,,,,,,,,,,,,,,,,,,,,,,,,,,,,,,,,,,,,,,,,,,,,,,google/gemma-3n-e4b-it,google/gemma-3n-e4b-it,google/gemma-3n-e4b-it,
ü™ô,yi-lightning,1303.0,01 AI,Proprietary,,,,,1321,,,,,113,,,,,,,,,,,,,,,,,,,,,,,,,,,,,,,,,,,,,,,,,,,,,,,,,,,,,,,,,,,,,,,,,,,,,,,,,,,,,,,,,,,,,,,,,,,,,,,,,,,,,,,,,,,,,,,,,,,,,,
ü™ô,gpt-4o-2024-05-13,1302.0,OpenAI,Proprietary,2.50,10.00,1.25,5.00,1307,1134,28,74.8,,114,gpt-4o-2024-08-06,gpt-4o-2024-08-06,,,,,,,,openai,128000,16384,16384,chat,,,,,True,True,True,,True,True,True,,,,,,,,,True,1.25e-06,,,,,,,,,,,,,,,,,,,,True,,,,,,,,,,,,,,,,,,,,,True,,,,,,,,,,,,,,,,,,,,,,,,,,,,,,,,,,,,,,,,,,
ü™ô,claude 3.7 sonnet,1301.0,Anthropic,Proprietary,3.00,15.00,,,1341,1145,35,80.3,,115,claude-3.7-sonnet,claude-3.7-sonnet,,,,,,,,openrouter,200000,128000,128000,chat,,,,,True,,,True,,,True,,,,,,,,,,,,,0.0048,,,,,,,,,,,,,,,,True,True,True,159.0,,,,,,,,,,,,,,,,,,,,,,,,,,,,,,,,,,,,,,,,,,,,,,,,,,,,,,,,,,,,,
ü™ô,claude 3.5 sonnet,1299.0,Anthropic,Proprietary,3.00,15.00,,,1340,1122,31,77.2,,116,claude-3.5-sonnet,claude-3.5-sonnet,,,,,,,,openrouter,200000,8192,8192,chat,,,,,True,,,,,,True,,,,,,,,,,,,,,,,,,,,,,,,,,,,,True,True,True,159.0,,,,,,,,,,,,,,,,,,,,,,,,,,,,,,,,,,,,,,,,,,,,,,,,,,,,,,,,,,,,,
ü™ô,deepseek-v2.5-1210,1296.0,DeepSeek,DeepSeek,,,,,1316,,22,67.2,,117,,,,,,,,,,,,,,,,,,,,,,,,,,,,,,,,,,,,,,,,,,,,,,,,,,,,,,,,,,,,,,,,,,,,,,,,,,,,,,,,,,,,,,,,,,,,,,,,,,,,,,,,,,,,,,,,,,,,,,
ü™ô,athene-v2-chat-72b,1294.0,NexusFlow,NexusFlow,,,,,1320,,,,,118,,,,,,,,,,,,,,,,,,,,,,,,,,,,,,,,,,,,,,,,,,,,,,,,,,,,,,,,,,,,,,,,,,,,,,,,,,,,,,,,,,,,,,,,,,,,,,,,,,,,,,,,,,,,,,,,,,,,,,
ü™ô,gemma-3-4b-it,1293.0,Google,Gemma,0.02,0.07,,,1265,,12,41.7,,119,gemma-3-4b-it,gemma-3-4b-it,,,,,,,,openrouter,96000,,,chat,,,,,,,,,,,,,,,,,,,,,,,,,,,,,,,,,,,,,,,,,,,,,,,,,,,,,,,,,,,,,,,,,,,,,,,,,,,,,,,,,,,,,,,,,,,,,,,,,,,,,google/gemma-3-4b-it,google/gemma-3-4b-it,google/gemma-3-4b-it,
ü™ô,llama-4-maverick-17b-128e-instruct,1292.0,Meta,Llama 4,0.15,0.60,,,1312,1135,40,80.9,,120,llama-4-maverick-17b-128e-instruct,llama-4-maverick-17b-128e-instruct,,,,,,,,openrouter,1048576,16384,,chat,,,,,,,,,,,,,,,,,,,,,,,,,,,,,,,,,,,,,,,,,,,,,,,,,,,,,,,,,,,,,,,,,,,,,,,,,,,,,,,,,,,,,,,,,,,,,,,,,,,,,meta-llama/llama-4-maverick,meta-llama/llama-4-maverick-17b-128e-instruct,meta-llama/llama-4-maverick-17b-128e-instruct,
ü™ô,glm-4-plus,1292.0,Z.ai,Proprietary,,,,,1301,,,70.2,,121,,,,,,,,,,,,,,,,,,,,,,,,,,,,,,,,,,,,,,,,,,,,,,,,,,,,,,,,,,,,,,,,,,,,,,,,,,,,,,,,,,,,,,,,,,,,,,,,,,,,,,,,,,,,,,,,,,,,,,
ü™ô,hunyuan-large-2025-02-10,1291.0,Tencent,Proprietary,,,,,1311,,,,,122,,,,,,,,,,,,,,,,,,,,,,,,,,,,,,,,,,,,,,,,,,,,,,,,,,,,,,,,,,,,,,,,,,,,,,,,,,,,,,,,,,,,,,,,,,,,,,,,,,,,,,,,,,,,,,,,,,,,,,
ü™ô,gemini-1.5-flash-002,1290.0,Google,Proprietary,0.07,0.30,,,1273,1137,26,68,,123,gemini-1.5-flash-002,gemini-1.5-flash-002,,,,2025-09-24,,,,vertex_ai-language-models,1048576,8192,8192,chat,,,,,True,True,,,True,True,True,,,,,,,https://cloud.google.com/vertex-ai/generative-ai/docs/learn/models#gemini-1.5-flash,,,,,,2e-05,2e-05,2e-06,,,,,,,,,,,,,,,True,,,,,,,,,,,,,,,,,,,,,,,,1.875e-08,,7.5e-08,,,,,3000.0,1.0,10.0,4e-06,2.5e-07,4e-05,1e-06,4e-05,8.4,1.0,30.0,1.5e-07,6e-07,,,,,,,,,,,,,,,,,,,,
ü™ô,gpt-4o-mini-2024-07-18,1289.0,OpenAI,Proprietary,0.15,0.60,0.07,0.30,1300,1063,22,64.8,,124,gpt-4o-mini-2024-07-18,gpt-4o-mini-2024-07-18,,,,,,,,openai,128000,16384,16384,chat,"{'search_context_size_high': 0.03, 'search_context_size_low': 0.025, 'search_context_size_medium': 0.0275}",,,,True,True,True,,True,True,True,,,,,,,,,True,7.5e-08,,,,,,,,,,,,,,,,,,,,True,,,,,,,,,,,,,,,,,,,,,True,,,,,,,,,,,,,,,,,,,,,,,,,,,,,,,,,,,,,,,,,,
ü™ô,gpt-4.1-nano-2025-04-14,1287.0,OpenAI,Proprietary,0.10,0.40,0.05,0.20,1312,1060,28,65.7,,125,gpt-4.1-nano-2025-04-14,gpt-4.1-nano-2025-04-14,,,,,,,,openai,1047576,32768,32768,chat,,,,,True,True,True,,True,True,True,,,,,,,,"['/v1/chat/completions', '/v1/batch', '/v1/responses']",True,2.5e-08,,,,,,,,,,,,,,,,,,,,True,,,True,,,,,,,,,"['text', 'image']",['text'],,,,,,,,True,,,,,,,,,,,,,,,,,,,,,,,,,,,,,,,,,,,,,,,,,,
ü™ô,llama-3.1-405b-instruct-bf16,1286.0,Meta,Llama 3.1,,,,,1299,,27,73.2,,126,,,,,,,,,,,,,,,,,,,,,,,,,,,,,,,,,,,,,,,,,,,,,,,,,,,,,,,,,,,,,,,,,,,,,,,,,,,,,,,,,,,,,,,,,,,,,,,,,,,,,,,,,,,,,,,,,,,,,,
ü™ô,llama-3.1-nemotron-70b-instruct,1285.0,Nvidia,Llama 3.1,1.20,1.20,,,1289,,24,69,,127,llama-3.1-nemotron-70b-instruct,llama-3.1-nemotron-70b-instruct,,,,,,,,openrouter,131072,16384,,chat,,,,,,,,,,,,,,,,,,,,,,,,,,,,,,,,,,,,,,,,,,,,,,,,,,,,,,,,,,,,,,,,,,,,,,,,,,,,,,,,,,,,,,,,,,,,,,,,,,,,,nvidia/llama-3.1-nemotron-70b-instruct,nvidia/llama-3.1-nemotron-70b-instruct,nvidia/llama-3.1-nemotron-70b-instruct-hf,
ü™ô,qwen-max-0919,1284.0,Alibaba,Qwen,1.60,6.40,,,1296,,,,,128,qwen-max,qwen-max,,,,,,,,openrouter,32768,8192,,chat,,,,,,,,,,,,,,,,,,,,,,,,,,,,,,,,,,,,,,,,,,,,,,,,,,,,,,,,,,,,,,,,,,,,,,,,,,,,,,,,,,,,,,,,,,,,,,,,,,,,,qwen/qwen-max,qwen/qwen-max-2025-01-25,,
ü™ô,llama-3.1-405b-instruct-fp8,1284.0,Meta,Llama 3.1,0.80,0.80,,,1292,,27,73.2,,129,llama3.1-405b-instruct-fp8,llama3.1-405b-instruct-fp8,,,,,,,,lambda_ai,131072,131072,131072,chat,,,,,True,True,,,,True,,,,,,,,,,,,,,,,,,,,,,,,,,,,,,,True,,,,,,,,,,,,,,,,,,,,,,,,,,,,,,,,,,,,,,,,,,,,,,,,,,,,,,,,,,,,,,,
ü™ô,yi-lightning-lite,1284.0,01 AI,Proprietary,,,,,1286,,,,,130,,,,,,,,,,,,,,,,,,,,,,,,,,,,,,,,,,,,,,,,,,,,,,,,,,,,,,,,,,,,,,,,,,,,,,,,,,,,,,,,,,,,,,,,,,,,,,,,,,,,,,,,,,,,,,,,,,,,,,
ü™ô,claude 3.5 sonnet,1283.0,Anthropic,Proprietary,3.00,15.00,,,1309,1117,27,75.1,,131,claude-3.5-sonnet,claude-3.5-sonnet,,,,,,,,openrouter,200000,8192,8192,chat,,,,,True,,,,,,True,,,,,,,,,,,,,,,,,,,,,,,,,,,,,True,True,True,159.0,,,,,,,,,,,,,,,,,,,,,,,,,,,,,,,,,,,,,,,,,,,,,,,,,,,,,,,,,,,,,
ü™ô,grok-2-mini-08-13,1283.0,xAI,Proprietary,,,,,1279,,,,,132,,,,,,,,,,,,,,,,,,,,,,,,,,,,,,,,,,,,,,,,,,,,,,,,,,,,,,,,,,,,,,,,,,,,,,,,,,,,,,,,,,,,,,,,,,,,,,,,,,,,,,,,,,,,,,,,,,,,,,
ü™ô,llama-4-scout-17b-16e-instruct,1276.0,Meta,Llama 4,0.08,0.30,,,1290,1126,31,75.2,,133,llama-4-scout-17b-16e-instruct,llama-4-scout-17b-16e-instruct,,,,,,,,openrouter,327680,16384,,chat,,,,,,,,,,,,,,,,,,,,,,,,,,,,,,,,,,,,,,,,,,,,,,,,,,,,,,,,,,,,,,,,,,,,,,,,,,,,,,,,,,,,,,,,,,,,,,,,,,,,,meta-llama/llama-4-scout,meta-llama/llama-4-scout-17b-16e-instruct,meta-llama/llama-4-scout-17b-16e-instruct,
ü™ô,hunyuan-standard-2025-02-10,1276.0,Tencent,Proprietary,,,,,1289,,,,,134,,,,,,,,,,,,,,,,,,,,,,,,,,,,,,,,,,,,,,,,,,,,,,,,,,,,,,,,,,,,,,,,,,,,,,,,,,,,,,,,,,,,,,,,,,,,,,,,,,,,,,,,,,,,,,,,,,,,,,
ü™ô,llama-3.3-70b-instruct,1276.0,Meta,Llama 3.3,0.10,0.32,,,1279,,29,71.3,,135,llama-3.3-70b-instruct,llama-3.3-70b-instruct,,,,,,,,openrouter,131072,16384,,chat,,,,,,,,,,,,,,,,,,,,,,,,,,,,,,,,,,,,,,,,,,,,,,,,,,,,,,,,,,,,,,,,,,,,,,,,,,,,,,,,,,,,,,,,,,,,,,,,,,,,,meta-llama/llama-3.3-70b-instruct,meta-llama/llama-3.3-70b-instruct,meta-llama/llama-3.3-70b-instruct,
ü™ô,deepseek-v2.5,1275.0,DeepSeek,DeepSeek,,,,,1306,,21,66.2,,136,,,,,,,,,,,,,,,,,,,,,,,,,,,,,,,,,,,,,,,,,,,,,,,,,,,,,,,,,,,,,,,,,,,,,,,,,,,,,,,,,,,,,,,,,,,,,,,,,,,,,,,,,,,,,,,,,,,,,,
ü™ô,gpt-4-turbo-2024-04-09,1275.0,OpenAI,Proprietary,10.00,30.00,,,1280,1087,26,69.4,,137,gpt-4-turbo-2024-04-09,gpt-4-turbo-2024-04-09,,,,,,,,openai,128000,4096,4096,chat,,,,,True,True,True,,,True,True,,,,,,,,,True,,,,,,,,,,,,,,,,,,,,,True,,,,,,,,,,,,,,,,,,,,,,,,,,,,,,,,,,,,,,,,,,,,,,,,,,,,,,,,,,,,,,,
ü™ô,qwen2.5-72b-instruct,1272.0,Alibaba,Qwen,0.12,0.39,,,1302,,27,72,,138,qwen2.5-72b-instruct,qwen2.5-72b-instruct,,,,,,,,openrouter,32768,16384,,chat,,,,,,,,,,,,,,,,,,,,,,,,,,,,,,,,,,,,,,,,,,,,,,,,,,,,,,,,,,,,,,,,,,,,,,,,,,,,,,,,,,,,,,,,,,,,,,,,,,,,,qwen/qwen-2.5-72b-instruct,qwen/qwen-2.5-72b-instruct,qwen/qwen2.5-72b-instruct,
ü™ô,hunyuan-large-vision,1270.0,Tencent,Proprietary,,,,,1298,1183,,,,139,,,,,,,,,,,,,,,,,,,,,,,,,,,,,,,,,,,,,,,,,,,,,,,,,,,,,,,,,,,,,,,,,,,,,,,,,,,,,,,,,,,,,,,,,,,,,,,,,,,,,,,,,,,,,,,,,,,,,,
ü™ô,mistral-small-3.1-24b-instruct-2503,1269.0,Mistral,Apache 2.0,0.03,0.11,,,1295,1121,22,65.9,,140,mistral-small-3.1-24b-instruct-2503,mistral-small-3.1-24b-instruct-2503,,,,,,,,openrouter,131072,131072,,chat,,,,,,,,,,,,,,,,,,,,,,,,,,,,,,,,,,,,,,,,,,,,,,,,,,,,,,,,,,,,,,,,,,,,,,,,,,,,,,,,,,,,,,,,,,,,,,,,,,,,,mistralai/mistral-small-3.1-24b-instruct,mistralai/mistral-small-3.1-24b-instruct-2503,mistralai/mistral-small-3.1-24b-instruct-2503,
ü™ô,mistral-large-2411,1269.0,Mistral,MRL,2.00,6.00,,,1284,,25,69.7,,141,mistral-large-2411,mistral-large-2411,,,,,,,,openrouter,131072,,,chat,,,,,,,,,,,,,,,,,,,,,,,,,,,,,,,,,,,,,,,,,,,,,,,,,,,,,,,,,,,,,,,,,,,,,,,,,,,,,,,,,,,,,,,,,,,,,,,,,,,,,mistralai/mistral-large-2411,mistralai/mistral-large-2411,,
ü™ô,athene-70b,1268.0,NexusFlow,CC-BY-NC-4.0,,,,,1274,,,,,142,,,,,,,,,,,,,,,,,,,,,,,,,,,,,,,,,,,,,,,,,,,,,,,,,,,,,,,,,,,,,,,,,,,,,,,,,,,,,,,,,,,,,,,,,,,,,,,,,,,,,,,,,,,,,,,,,,,,,,
ü™ô,gpt-4-1106-preview,1267.0,OpenAI,Proprietary,10.00,30.00,,,1269,,23,63.7,,143,gpt-4-1106-preview,gpt-4-1106-preview,,,,2026-03-26,,,,openai,128000,4096,4096,chat,,,,,True,True,True,,,True,,,,,,,,,,,,,,,,,,,,,,,,,,,,,,,True,,,,,,,,,,,,,,,,,,,,,,,,,,,,,,,,,,,,,,,,,,,,,,,,,,,,,,,,,,,,,,,
ü™ô,gpt-4-0125-preview,1266.0,OpenAI,Proprietary,10.00,30.00,,,1261,,,,,144,gpt-4-0125-preview,gpt-4-0125-preview,,,,2026-03-26,,,,openai,128000,4096,4096,chat,,,,,True,True,True,,,True,,,,,,,,,,,,,,,,,,,,,,,,,,,,,,,True,,,,,,,,,,,,,,,,,,,,,,,,,,,,,,,,,,,,,,,,,,,,,,,,,,,,,,,,,,,,,,,
ü™ô,claude 3 opus,1265.0,Anthropic,Proprietary,15.00,75.00,,,1269,1020,22,69.6,,145,claude-3-opus-20240229,claude-3-opus-20240229,,,,2026-05-01,,,,anthropic,200000,4096,4096,chat,,,,,True,,True,,True,,True,,,,,,,,,,1.5e-06,,,,,,,,,,,,,,,,,,1.875e-05,True,True,,395.0,,,,,,6e-06,,,,,,,,,,,,,,,,,,,,,,,,,,,,,,,,,,,,,,,,,,,,,,,,,,,,,,,
ü™ô,llama-3.1-70b-instruct,1265.0,Meta,Llama 3.1,0.40,0.40,,,1268,,22,67.6,,146,llama-3.1-70b-instruct,llama-3.1-70b-instruct,,,,,,,,openrouter,131072,,,chat,,,,,,,,,,,,,,,,,,,,,,,,,,,,,,,,,,,,,,,,,,,,,,,,,,,,,,,,,,,,,,,,,,,,,,,,,,,,,,,,,,,,,,,,,,,,,,,,,,,,,meta-llama/llama-3.1-70b-instruct,meta-llama/llama-3.1-70b-instruct,meta-llama/meta-llama-3.1-70b-instruct,
ü™ô,amazon nova pro 1.0,1262.0,Amazon,Proprietary,,,,,1282,979,27,69.1,,147,,,,,,,,,,,,,,,,,,,,,,,,,,,,,,,,,,,,,,,,,,,,,,,,,,,,,,,,,,,,,,,,,,,,,,,,,,,,,,,,,,,,,,,,,,,,,,,,,,,,,,,,,,,,,,,,,,,,,,
ü™ô,llama-3.1-tulu-3-70b,1260.0,Ai2,Llama 3.1,,,,,1251,,,,,148,,,,,,,,,,,,,,,,,,,,,,,,,,,,,,,,,,,,,,,,,,,,,,,,,,,,,,,,,,,,,,,,,,,,,,,,,,,,,,,,,,,,,,,,,,,,,,,,,,,,,,,,,,,,,,,,,,,,,,
ü™ô,claude 3.5 haiku,1256.0,Anthropic,Proprietary,0.80,4.00,,,1287,1095,21,63.4,,149,claude-3.5-haiku,claude-3.5-haiku,,,,,,,,openrouter,200000,8192,,chat,,,,,,,,,,,,,,,,,,,,,,,,,,,,,,,,,,,,,,,,,,,,,,,,,,,,,,,,,,,,,,,,,,,,,,,,,,,,,,,,,,,,,,,,,,,,,,,,,,,,,anthropic/claude-3.5-haiku,anthropic/claude-3-5-haiku,,
ü™ô,magistral-medium-2506,1253.0,Mistral,Proprietary,2.00,5.00,,,1307,,36,75.3,,150,magistral-medium-2506,magistral-medium-2506,,,,,,,,mistral,40000,40000,40000,chat,,,,,True,,,True,True,,,,,,,,,https://mistral.ai/news/magistral,,,,,,,,,,,,,,,,,,,,,,True,True,,,,,,,,,,,,,,,,,,,,,,,,,,,,,,,,,,,,,,,,,,,,,,,,,,,,,,,,,,,,,,,
ü™ô,reka-core-20240904,1252.0,Reka AI,Proprietary,,,,,1238,,20,,,151,reka-core,reka-core,,,,,,,,snowflake,32000,8192,8192,chat,,,,,,,,,,,,,,,,,,,,,,,,,,,,,,,,,,,,,,,,,,,,,,,,,,,,,,,,,,,,,,,,,,,,,,,,,,,,,,,,,,,,,,,,,,,,,,,,,,,,,,,,
ü™ô,reka-core-20240722,1250.0,Reka AI,Proprietary,,,,,1226,,,,,152,reka-core,reka-core,,,,,,,,snowflake,32000,8192,8192,chat,,,,,,,,,,,,,,,,,,,,,,,,,,,,,,,,,,,,,,,,,,,,,,,,,,,,,,,,,,,,,,,,,,,,,,,,,,,,,,,,,,,,,,,,,,,,,,,,,,,,,,,,
ü™ô,qwen-plus-0828,1242.0,Alibaba,Proprietary,0.40,1.20,,,1263,,,,,153,qwen-plus,qwen-plus,,,,,,,,openrouter,1000000,32768,,chat,,,,,,,,,,,,,,,,,,,,,,,,,,,,,,,,,,,,,,,,,,,,,,,,,,,,,,,,,,,,,,,,,,,,,,,,,,,,,,,,,,,,,,,,,,,,,,,,,,,,,qwen/qwen-plus,qwen/qwen-plus-2025-01-25,,
ü™ô,jamba-1.5-large,1242.0,AI21 Labs,Jamba Open,2.00,8.00,,,1244,,16,57.2,,154,jamba-1.5-large,jamba-1.5-large,,,,,,,,ai21,256000,256000,256000,chat,,,,,,,,,,,,,,,,,,,,,,,,,,,,,,,,,,,,,,,,,True,,,,,,,,,,,,,,,,,,,,,,,,,,,,,,,,,,,,,,,,,,,,,,,,,,,,,,,,,,,,,,,
ü™ô,deepseek-v2-api-0628,1240.0,DeepSeek,DeepSeek,,,,,1260,,,,,155,,,,,,,,,,,,,,,,,,,,,,,,,,,,,,,,,,,,,,,,,,,,,,,,,,,,,,,,,,,,,,,,,,,,,,,,,,,,,,,,,,,,,,,,,,,,,,,,,,,,,,,,,,,,,,,,,,,,,,
ü™ô,mistral-small-3-24b-instruct-2501,1238.0,Mistral,Apache 2.0,,,,,1251,,22,65.2,,156,,,,,,,,,,,,,,,,,,,,,,,,,,,,,,,,,,,,,,,,,,,,,,,,,,,,,,,,,,,,,,,,,,,,,,,,,,,,,,,,,,,,,,,,,,,,,,,,,,,,,,,,,,,,,,,,,,,,,,
ü™ô,deepseek-coder-v2-0724,1237.0,DeepSeek,DeepSeek,1.20,1.20,,,1286,,15,58.5,,157,deepseek-coder-v2-instruct,deepseek-coder-v2-instruct,,,,,,,,fireworks_ai,65536,65536,65536,chat,,,,,False,,,,True,,,,,,,,,https://fireworks.ai/pricing,,,,,,,,,,,,,,,,,,,,,,,False,,,,,,,,,,,,,,,,,,,,,,,,,,,,,,,,,,,,,,,,,,,,,,,,,,,,,,,,,,,,,,,
ü™ô,yi-large,1236.0,01 AI,Proprietary,3.00,3.00,,,1238,,14,58.6,,158,yi-large,yi-large,,,,,,,,fireworks_ai,32768,32768,32768,chat,,,,,False,,,,True,,,,,,,,,https://fireworks.ai/pricing,,,,,,,,,,,,,,,,,,,,,,,False,,,,,,,,,,,,,,,,,,,,,,,,,,,,,,,,,,,,,,,,,,,,,,,,,,,,,,,,,,,,,,,
ü™ô,gemma-2-27b-it,1236.0,Google,Gemma,0.65,0.65,,,1226,,18,57.5,,159,gemma-2-27b-it,gemma-2-27b-it,,,,,,,,openrouter,8192,2048,,chat,,,,,,,,,,,,,,,,,,,,,,,,,,,,,,,,,,,,,,,,,,,,,,,,,,,,,,,,,,,,,,,,,,,,,,,,,,,,,,,,,,,,,,,,,,,,,,,,,,,,,google/gemma-2-27b-it,google/gemma-2-27b-it,google/gemma-2-27b-it,
ü™ô,qwen2.5-coder-32b-instruct,1235.0,Alibaba,Apache 2.0,0.03,0.11,,,1279,,23,63.5,,160,qwen2.5-coder-32b-instruct,qwen2.5-coder-32b-instruct,,,,,,,,openrouter,32768,32768,,chat,,,,,,,,,,,,,,,,,,,,,,,,,,,,,,,,,,,,,,,,,,,,,,,,,,,,,,,,,,,,,,,,,,,,,,,,,,,,,,,,,,,,,,,,,,,,,,,,,,,,,qwen/qwen-2.5-coder-32b-instruct,qwen/qwen-2.5-coder-32b-instruct,qwen/qwen2.5-coder-32b-instruct,
ü™ô,amazon nova lite 1.0,1233.0,Amazon,Proprietary,,,,,1253,989,23,59,,161,,,,,,,,,,,,,,,,,,,,,,,,,,,,,,,,,,,,,,,,,,,,,,,,,,,,,,,,,,,,,,,,,,,,,,,,,,,,,,,,,,,,,,,,,,,,,,,,,,,,,,,,,,,,,,,,,,,,,,
ü™ô,gemma-2-9b-it-simpo,1233.0,Princeton,MIT,,,,,1211,,,,,162,,,,,,,,,,,,,,,,,,,,,,,,,,,,,,,,,,,,,,,,,,,,,,,,,,,,,,,,,,,,,,,,,,,,,,,,,,,,,,,,,,,,,,,,,,,,,,,,,,,,,,,,,,,,,,,,,,,,,,
ü™ô,command r+,1233.0,Cohere,CC-BY-NC-4.0,,,,,1200,,7,43.2,,163,,,,,,,,,,,,,,,,,,,,,,,,,,,,,,,,,,,,,,,,,,,,,,,,,,,,,,,,,,,,,,,,,,,,,,,,,,,,,,,,,,,,,,,,,,,,,,,,,,,,,,,,,,,,,,,,,,,,,,
ü™ô,gemini-1.5-flash-8b-001,1231.0,Google,Proprietary,0.00,0.00,,,1228,1042,17,56.9,,164,gemini-1.5-flash-8b,gemini-1.5-flash-8b,,,,2025-09-29,,,,gemini,1048576,8192,8192,chat,,,,,True,,True,,True,True,True,,,,,,,https://ai.google.dev/pricing,,,,,,,,,,,,,,,,,,,,,,,True,,,,,,,,,,,,,,,,,,,,,,,,,,,,,,,3000.0,1.0,10.0,,,,0.0,,8.4,1.0,30.0,,0.0,,4000.0,4000000.0,,,,,,,,,,,,,,,,,
ü™ô,llama-3.1-nemotron-51b-instruct,1231.0,Nvidia,Llama 3.1,,,,,1227,,,,,165,,,,,,,,,,,,,,,,,,,,,,,,,,,,,,,,,,,,,,,,,,,,,,,,,,,,,,,,,,,,,,,,,,,,,,,,,,,,,,,,,,,,,,,,,,,,,,,,,,,,,,,,,,,,,,,,,,,,,,
ü™ô,glm-4-0520,1230.0,Z.ai,Proprietary,0.10,0.10,,,1237,,,,,166,glm-4-32b,glm-4-32b,,,,,,,,openrouter,128000,,,chat,,,,,,,,,,,,,,,,,,,,,,,,,,,,,,,,,,,,,,,,,,,,,,,,,,,,,,,,,,,,,,,,,,,,,,,,,,,,,,,,,,,,,,,,,,,,,,,,,,,,,z-ai/glm-4-32b,z-ai/glm-4-32b-0414,,
ü™ô,nemotron-4-340b-instruct,1229.0,Nvidia,Nvidia Open,,,,,1220,,,,,167,,,,,,,,,,,,,,,,,,,,,,,,,,,,,,,,,,,,,,,,,,,,,,,,,,,,,,,,,,,,,,,,,,,,,,,,,,,,,,,,,,,,,,,,,,,,,,,,,,,,,,,,,,,,,,,,,,,,,,
ü™ô,aya-expanse-32b,1229.0,Cohere,CC-BY-NC-4.0,,,,,1211,,6,37.7,,168,,,,,,,,,,,,,,,,,,,,,,,,,,,,,,,,,,,,,,,,,,,,,,,,,,,,,,,,,,,,,,,,,,,,,,,,,,,,,,,,,,,,,,,,,,,,,,,,,,,,,,,,,,,,,,,,,,,,,,
ü™ô,reka-flash-20240904,1225.0,Reka AI,Proprietary,,,,,1208,,20,,,169,reka-flash,reka-flash,,,,,,,,snowflake,100000,8192,8192,chat,,,,,,,,,,,,,,,,,,,,,,,,,,,,,,,,,,,,,,,,,,,,,,,,,,,,,,,,,,,,,,,,,,,,,,,,,,,,,,,,,,,,,,,,,,,,,,,,,,,,,,,,
ü™ô,llama-3-70b-instruct,1224.0,Meta,Llama 3,0.51,0.74,,,1216,,14,57.4,,170,llama-3-70b-instruct,llama-3-70b-instruct,,,,,,,,openrouter,8192,8000,,chat,,,,,,,,,,,,,,,,,,,,,,,,,,,,,,,,,,,,,,,,,,,,,,,,,,,,,,,,,,,,,,,,,,,,,,,,,,,,,,,,,,,,,,,,,,,,,,,,,,,,,meta-llama/llama-3-70b-instruct,meta-llama/llama-3-70b-instruct,meta-llama/meta-llama-3-70b-instruct,
ü™ô,claude 3 sonnet,1223.0,Anthropic,Proprietary,3.00,15.00,,,1232,983,14,57.9,,171,claude-3-sonnet,claude-3-sonnet,,,,,,,,vertex_ai-anthropic_models,200000,4096,4096,chat,,,,,True,,,,,,True,,,,,,,,,,,,,,,,,,,,,,,,,,,,,True,True,,,,,,,,,,,,,,,,,,,,,,,,,,,,,,,,,,,,,,,,,,,,,,,,,,,,,,,,,,,,,,,
ü™ô,olmo-2-0325-32b-instruct,1223.0,Ai2,Apache-2.0,0.05,0.20,,,1215,,14,51.1,,172,olmo-2-0325-32b-instruct,olmo-2-0325-32b-instruct,,,,,,,,openrouter,128000,,,chat,,,,,,,,,,,,,,,,,,,,,,,,,,,,,,,,,,,,,,,,,,,,,,,,,,,,,,,,,,,,,,,,,,,,,,,,,,,,,,,,,,,,,,,,,,,,,,,,,,,,,allenai/olmo-2-0325-32b-instruct,allenai/olmo-2-0325-32b-instruct,allenai/olmo-2-0325-32b-instruct,
ü™ô,phi-4,1222.0,Microsoft,MIT,0.06,0.14,,,1242,,26,71.4,,173,phi-4,phi-4,,,,,,,,openrouter,16384,16384,,chat,,,,,,,,,,,,,,,,,,,,,,,,,,,,,,,,,,,,,,,,,,,,,,,,,,,,,,,,,,,,,,,,,,,,,,,,,,,,,,,,,,,,,,,,,,,,,,,,,,,,,microsoft/phi-4,microsoft/phi-4,microsoft/phi-4,
ü™ô,reka-flash-20240722,1218.0,Reka AI,Proprietary,,,,,1201,,,,,174,reka-flash,reka-flash,,,,,,,,snowflake,100000,8192,8192,chat,,,,,,,,,,,,,,,,,,,,,,,,,,,,,,,,,,,,,,,,,,,,,,,,,,,,,,,,,,,,,,,,,,,,,,,,,,,,,,,,,,,,,,,,,,,,,,,,,,,,,,,,
ü™ô,amazon nova micro 1.0,1215.0,Amazon,Proprietary,,,,,1228,,18,53.1,,175,,,,,,,,,,,,,,,,,,,,,,,,,,,,,,,,,,,,,,,,,,,,,,,,,,,,,,,,,,,,,,,,,,,,,,,,,,,,,,,,,,,,,,,,,,,,,,,,,,,,,,,,,,,,,,,,,,,,,,
ü™ô,gemma-2-9b-it,1213.0,Google,Gemma,0.20,0.20,,,1194,,8,49.5,,176,gemma2-9b-it,gemma2-9b-it,,,,,,,,fireworks_ai,8192,8192,8192,chat,,,,,,,,,,,,,,,,,,,,,,,,,,,,,,,,,,,,,,,,,,,,,,,,,,,,,,,,,,,,,,,,,,,,,,,,,,,,,,,,,,,,,,,,,,,,,,,,,,,,,,,,
ü™ô,hunyuan-standard-256k,1209.0,Tencent,Proprietary,,,,,1244,,,,,177,,,,,,,,,,,,,,,,,,,,,,,,,,,,,,,,,,,,,,,,,,,,,,,,,,,,,,,,,,,,,,,,,,,,,,,,,,,,,,,,,,,,,,,,,,,,,,,,,,,,,,,,,,,,,,,,,,,,,,
ü™ô,command r+,1209.0,Cohere,CC-BY-NC-4.0,,,,,1184,,6,42.7,,178,,,,,,,,,,,,,,,,,,,,,,,,,,,,,,,,,,,,,,,,,,,,,,,,,,,,,,,,,,,,,,,,,,,,,,,,,,,,,,,,,,,,,,,,,,,,,,,,,,,,,,,,,,,,,,,,,,,,,,
ü™ô,qwen2-72b-instruct,1208.0,Alibaba,Qianwen,0.90,0.90,,,1206,,19,62.2,,179,qwen2-72b-instruct,qwen2-72b-instruct,,,,,,,,fireworks_ai,32768,32768,32768,chat,,,,,False,,,,True,,,,,,,,,https://fireworks.ai/pricing,,,,,,,,,,,,,,,,,,,,,,,False,,,,,,,,,,,,,,,,,,,,,,,,,,,,,,,,,,,,,,,,,,,,,,,,,,,,,,,,,,,,,,,
ü™ô,claude 3 haiku,1200.0,Anthropic,Proprietary,0.25,1.25,,,1208,950,10,50,,180,claude-3-haiku-20240307,claude-3-haiku-20240307,,,,,,,,anthropic,200000,4096,4096,chat,,,,,True,,True,,True,,True,,,,,,,,,,3e-08,,,,,,,,,,,,,,,,,,3e-07,True,True,,264.0,,,,,,6e-06,,,,,,,,,,,,,,,,,,,,,,,,,,,,,,,,,,,,,,,,,,,,,,,,,,,,,,,
ü™ô,llama-3.1-tulu-3-8b,1200.0,Ai2,Llama 3.1,,,,,1197,,,,,181,,,,,,,,,,,,,,,,,,,,,,,,,,,,,,,,,,,,,,,,,,,,,,,,,,,,,,,,,,,,,,,,,,,,,,,,,,,,,,,,,,,,,,,,,,,,,,,,,,,,,,,,,,,,,,,,,,,,,,
ü™ô,qwen-max-0428,1199.0,Alibaba,Proprietary,1.60,6.40,,,1208,,,,,182,qwen-max,qwen-max,,,,,,,,openrouter,32768,8192,,chat,,,,,,,,,,,,,,,,,,,,,,,,,,,,,,,,,,,,,,,,,,,,,,,,,,,,,,,,,,,,,,,,,,,,,,,,,,,,,,,,,,,,,,,,,,,,,,,,,,,,,qwen/qwen-max,qwen/qwen-max-2025-01-25,,
ü™ô,ministral-8b-2410,1198.0,Mistral,MRL,0.15,0.15,,,1219,,8,38.9,,183,ministral-8b-2512,ministral-8b-2512,,,,,,,,openrouter,262144,262144,262144,chat,,,,,True,,False,,,,True,,,,,,,,,,,,,0.0,,,,,,,,,,,,,,,,,True,,,,,,,,,,,,,,,,,,,,,,,,,,,,,,,,,,,,,,,,,,,,,,,,,,,,,,,,,,,,,,,
ü™ô,glm-4-0116,1198.0,Z.ai,Proprietary,0.10,0.10,,,1209,,,,,184,glm-4-32b,glm-4-32b,,,,,,,,openrouter,128000,,,chat,,,,,,,,,,,,,,,,,,,,,,,,,,,,,,,,,,,,,,,,,,,,,,,,,,,,,,,,,,,,,,,,,,,,,,,,,,,,,,,,,,,,,,,,,,,,,,,,,,,,,z-ai/glm-4-32b,z-ai/glm-4-32b-0414,,
ü™ô,deepseek-coder-v2-instruct,1196.0,DeepSeek,DeepSeek,1.20,1.20,,,1259,,,,,185,deepseek-coder-v2-instruct,deepseek-coder-v2-instruct,,,,,,,,fireworks_ai,65536,65536,65536,chat,,,,,False,,,,True,,,,,,,,,https://fireworks.ai/pricing,,,,,,,,,,,,,,,,,,,,,,,False,,,,,,,,,,,,,,,,,,,,,,,,,,,,,,,,,,,,,,,,,,,,,,,,,,,,,,,,,,,,,,,
ü™ô,command r,1195.0,Cohere,CC-BY-NC-4.0,0.15,0.60,,,1180,,1,33.8,,186,command-r,command-r,,,,,,,,cohere_chat,128000,4096,4096,chat,,,,,True,,,,,,,,,,,,,,,,,,,,,,,,,,,,,,,,,,,,True,,,,,,,,,,,,,,,,,,,,,,,,,,,,,,,,,,,,,,,,,,,,,,,,,,,,,,,,,,,,,,,
ü™ô,llama-3.1-8b-instruct,1193.0,Meta,Llama 3.1,0.02,0.04,,,1203,,10,47.6,,187,llama3.1-8b-instruct,llama3.1-8b-instruct,,,,,,,,lambda_ai,131072,131072,131072,chat,,,,,True,True,,,,True,,,,,,,,,,,,,,,,,,,,,,,,,,,,,,,True,,,,,,,,,,,,,,,,,,,,,,,,,,,,,,,,,,,,,,,,,,,,,,,,,,,,,,,,,,,,,,,
ü™ô,jamba-1.5-mini,1193.0,AI21 Labs,Jamba Open,0.20,0.40,,,1197,,,,,188,jamba-1.5-mini,jamba-1.5-mini,,,,,,,,ai21,256000,256000,256000,chat,,,,,,,,,,,,,,,,,,,,,,,,,,,,,,,,,,,,,,,,,True,,,,,,,,,,,,,,,,,,,,,,,,,,,,,,,,,,,,,,,,,,,,,,,,,,,,,,,,,,,,,,,
ü™ô,aya-expanse-8b,1193.0,Cohere,CC-BY-NC-4.0,,,,,1184,,2,31.2,,189,,,,,,,,,,,,,,,,,,,,,,,,,,,,,,,,,,,,,,,,,,,,,,,,,,,,,,,,,,,,,,,,,,,,,,,,,,,,,,,,,,,,,,,,,,,,,,,,,,,,,,,,,,,,,,,,,,,,,,
ü™ô,qwen1.5-110b-chat,1180.0,Alibaba,Qianwen,,,,,1192,,11,,,190,,,,,,,,,,,,,,,,,,,,,,,,,,,,,,,,,,,,,,,,,,,,,,,,,,,,,,,,,,,,,,,,,,,,,,,,,,,,,,,,,,,,,,,,,,,,,,,,,,,,,,,,,,,,,,,,,,,,,,
ü™ô,yi-1.5-34b-chat,1178.0,01 AI,Apache-2.0,,,,,1181,,,,,191,,,,,,,,,,,,,,,,,,,,,,,,,,,,,,,,,,,,,,,,,,,,,,,,,,,,,,,,,,,,,,,,,,,,,,,,,,,,,,,,,,,,,,,,,,,,,,,,,,,,,,,,,,,,,,,,,,,,,,
ü™ô,claude-1,1178.0,Anthropic,Proprietary,,,,,1161,,,,,192,,,,,,,,,,,,,,,,,,,,,,,,,,,,,,,,,,,,,,,,,,,,,,,,,,,,,,,,,,,,,,,,,,,,,,,,,,,,,,,,,,,,,,,,,,,,,,,,,,,,,,,,,,,,,,,,,,,,,,
ü™ô,qwen1.5-72b-chat,1172.0,Alibaba,Qianwen,,,,,1175,,,,,193,,,,,,,,,,,,,,,,,,,,,,,,,,,,,,,,,,,,,,,,,,,,,,,,,,,,,,,,,,,,,,,,,,,,,,,,,,,,,,,,,,,,,,,,,,,,,,,,,,,,,,,,,,,,,,,,,,,,,,
ü™ô,mistral medium,1171.0,Mistral,Proprietary,0.40,2.00,,,1172,,9,49.1,,194,mistral-medium-2505,mistral-medium-2505,,,,,,,,azure_ai,131072,8191,8191,chat,,,,,True,,,,,,,,,,,,,,,,,,,,,,,,,,,,,,,,,,,True,True,,,,,,,,,,,,,,,,,,,,,,,,,,,,,,,,,,,,,,,,,,,,,,,,,,,,,,,,,,,,,,,
ü™ô,llama-3-8b-instruct,1171.0,Meta,Llama 3,0.03,0.04,,,1164,,7,40.5,,195,llama-3-8b-instruct,llama-3-8b-instruct,,,,,,,,openrouter,8192,16384,,chat,,,,,,,,,,,,,,,,,,,,,,,,,,,,,,,,,,,,,,,,,,,,,,,,,,,,,,,,,,,,,,,,,,,,,,,,,,,,,,,,,,,,,,,,,,,,,,,,,,,,,meta-llama/llama-3-8b-instruct,meta-llama/llama-3-8b-instruct,meta-llama/meta-llama-3-8b-instruct,
ü™ô,command r,1169.0,Cohere,CC-BY-NC-4.0,0.15,0.60,,,1141,,1,33.7,,196,command-r,command-r,,,,,,,,cohere_chat,128000,4096,4096,chat,,,,,True,,,,,,,,,,,,,,,,,,,,,,,,,,,,,,,,,,,,True,,,,,,,,,,,,,,,,,,,,,,,,,,,,,,,,,,,,,,,,,,,,,,,,,,,,,,,,,,,,,,,
ü™ô,internlm2.5-20b-chat,1168.0,InternLM,Other,,,,,1179,,,,,197,,,,,,,,,,,,,,,,,,,,,,,,,,,,,,,,,,,,,,,,,,,,,,,,,,,,,,,,,,,,,,,,,,,,,,,,,,,,,,,,,,,,,,,,,,,,,,,,,,,,,,,,,,,,,,,,,,,,,,
ü™ô,mixtral-8x22b-instruct-v0.1,1168.0,Mistral,Apache 2.0,2.00,6.00,,,1175,,12,53.7,,198,mixtral-8x22b-instruct-v0.1,mixtral-8x22b-instruct-v0.1,,,,,,,,openrouter,65536,,,chat,,,,,,,,,,,,,,,,,,,,,,,,,,,,,,,,,,,,,,,,,,,,,,,,,,,,,,,,,,,,,,,,,,,,,,,,,,,,,,,,,,,,,,,,,,,,,,,,,,,,,mistralai/mixtral-8x22b-instruct,mistralai/mixtral-8x22b-instruct,mistralai/mixtral-8x22b-instruct-v0.1,
ü™ô,gemma-2-2b-it,1163.0,Google,Gemma,,,,,1130,,,,,199,,,,,,,,,,,,,,,,,,,,,,,,,,,,,,,,,,,,,,,,,,,,,,,,,,,,,,,,,,,,,,,,,,,,,,,,,,,,,,,,,,,,,,,,,,,,,,,,,,,,,,,,,,,,,,,,,,,,,,
ü™ô,granite-3.1-8b-instruct,1158.0,IBM,Apache 2.0,,,,,1191,,,,,200,,,,,,,,,,,,,,,,,,,,,,,,,,,,,,,,,,,,,,,,,,,,,,,,,,,,,,,,,,,,,,,,,,,,,,,,,,,,,,,,,,,,,,,,,,,,,,,,,,,,,,,,,,,,,,,,,,,,,,
ü™ô,claude-2.0,1158.0,Anthropic,Proprietary,,,,,1160,,9,48.6,,201,,,,,,,,,,,,,,,,,,,,,,,,,,,,,,,,,,,,,,,,,,,,,,,,,,,,,,,,,,,,,,,,,,,,,,,,,,,,,,,,,,,,,,,,,,,,,,,,,,,,,,,,,,,,,,,,,,,,,,
ü™ô,gemini-1.0-pro-001,1155.0,Google,Proprietary,0.50,1.50,,,1125,,,,,202,gemini-1.0-pro-001,gemini-1.0-pro-001,,,,2025-04-09,,,,vertex_ai-language-models,32760,8192,8192,chat,,,,,True,True,,,,,,,,,,,,https://cloud.google.com/vertex-ai/generative-ai/docs/learn/models#foundation_models,,,,,,0.0025,0.002,,,,,,,,,,,,,,,,True,,,,,,,,,,,,,,,,,,,,,,,,1.25e-07,,3.75e-07,,,,,,,,,,,,,,,,,,,,,,,,,,,,,,,,,,,,,
ü™ô,zephyr-orpo-141b-a35b-v0.1,1150.0,HuggingFace,Apache 2.0,,,,,1144,,,,,203,,,,,,,,,,,,,,,,,,,,,,,,,,,,,,,,,,,,,,,,,,,,,,,,,,,,,,,,,,,,,,,,,,,,,,,,,,,,,,,,,,,,,,,,,,,,,,,,,,,,,,,,,,,,,,,,,,,,,,
ü™ô,claude-2.1,1146.0,Anthropic,Proprietary,,,,,1158,,10,49.5,,204,,,,,,,,,,,,,,,,,,,,,,,,,,,,,,,,,,,,,,,,,,,,,,,,,,,,,,,,,,,,,,,,,,,,,,,,,,,,,,,,,,,,,,,,,,,,,,,,,,,,,,,,,,,,,,,,,,,,,,
ü™ô,gpt-3.5-turbo-0613,1145.0,OpenAI,Proprietary,0.50,1.50,,,1164,,9,46.2,,205,gpt-3.5-turbo,gpt-3.5-turbo,,,,,,,,openai,16385,4096,4096,chat,,,,,True,,True,,,True,,,,,,,,,,,,,,,,,,,,,,,,,,,,,,,True,,,,,,,,,,,,,,,,,,,,,,,,,,,,,,,,,,,,,,,,,,,,,,,,,,,,,,,,,,,,,,,
ü™ô,qwen1.5-32b-chat,1144.0,Alibaba,Qianwen,,,,,1163,,,,,206,,,,,,,,,,,,,,,,,,,,,,,,,,,,,,,,,,,,,,,,,,,,,,,,,,,,,,,,,,,,,,,,,,,,,,,,,,,,,,,,,,,,,,,,,,,,,,,,,,,,,,,,,,,,,,,,,,,,,,
ü™ô,phi-3-medium-4k-instruct,1144.0,Microsoft,MIT,0.17,0.68,,,1146,,11,54.3,,207,phi-3-medium-4k-instruct,phi-3-medium-4k-instruct,,,,,,,,azure_ai,4096,4096,4096,chat,,,,,,,,,,,False,,,,,,,https://azure.microsoft.com/en-us/pricing/details/phi-3/,,,,,,,,,,,,,,,,,,,,,,,True,,,,,,,,,,,,,,,,,,,,,,,,,,,,,,,,,,,,,,,,,,,,,,,,,,,,,,,,,,,,,,,
ü™ô,starling-lm-7b-beta,1139.0,Nexusflow,Apache-2.0,,,,,1151,,,,,208,,,,,,,,,,,,,,,,,,,,,,,,,,,,,,,,,,,,,,,,,,,,,,,,,,,,,,,,,,,,,,,,,,,,,,,,,,,,,,,,,,,,,,,,,,,,,,,,,,,,,,,,,,,,,,,,,,,,,,
ü™ô,mixtral-8x7b-instruct-v0.1,1138.0,Mistral,Apache 2.0,0.54,0.54,,,1136,,3,38.7,,209,mixtral-8x7b-instruct-v0.1,mixtral-8x7b-instruct-v0.1,,,,,,,,openrouter,32768,16384,,chat,,,,,,,,,,,,,,,,,,,,,,,,,,,,,,,,,,,,,,,,,,,,,,,,,,,,,,,,,,,,,,,,,,,,,,,,,,,,,,,,,,,,,,,,,,,,,,,,,,,,,mistralai/mixtral-8x7b-instruct,mistralai/mixtral-8x7b-instruct,mistralai/mixtral-8x7b-instruct-v0.1,
ü™ô,gpt-3.5-turbo-0314,1138.0,OpenAI,Proprietary,0.50,1.50,,,1136,,,,,210,gpt-3.5-turbo,gpt-3.5-turbo,,,,,,,,openai,16385,4096,4096,chat,,,,,True,,True,,,True,,,,,,,,,,,,,,,,,,,,,,,,,,,,,,,True,,,,,,,,,,,,,,,,,,,,,,,,,,,,,,,,,,,,,,,,,,,,,,,,,,,,,,,,,,,,,,,
ü™ô,granite-3.1-2b-instruct,1136.0,IBM,Apache 2.0,,,,,1166,,,,,211,,,,,,,,,,,,,,,,,,,,,,,,,,,,,,,,,,,,,,,,,,,,,,,,,,,,,,,,,,,,,,,,,,,,,,,,,,,,,,,,,,,,,,,,,,,,,,,,,,,,,,,,,,,,,,,,,,,,,,
ü™ô,qwen1.5-14b-chat,1135.0,Alibaba,Qianwen,,,,,1144,,,,,212,,,,,,,,,,,,,,,,,,,,,,,,,,,,,,,,,,,,,,,,,,,,,,,,,,,,,,,,,,,,,,,,,,,,,,,,,,,,,,,,,,,,,,,,,,,,,,,,,,,,,,,,,,,,,,,,,,,,,,
ü™ô,claude-instant-1,1135.0,Anthropic,Proprietary,,,,,1136,,1,43.4,,213,,,,,,,,,,,,,,,,,,,,,,,,,,,,,,,,,,,,,,,,,,,,,,,,,,,,,,,,,,,,,,,,,,,,,,,,,,,,,,,,,,,,,,,,,,,,,,,,,,,,,,,,,,,,,,,,,,,,,,
ü™ô,yi-34b-chat,1134.0,01 AI,Yi,0.90,0.90,,,1129,,,,,214,yi-34b-chat,yi-34b-chat,,,,,,,,fireworks_ai,4096,4096,4096,chat,,,,,,,,,,,,,,,,,,,,,,,,,,,,,,,,,,,,,,,,,,,,,,,,,,,,,,,,,,,,,,,,,,,,,,,,,,,,,,,,,,,,,,,,,,,,,,,,,,,,,,,,
ü™ô,tulu-2-dpo-70b,1127.0,Ai2,Ai2 ImpACT,,,,,1120,,,,,215,,,,,,,,,,,,,,,,,,,,,,,,,,,,,,,,,,,,,,,,,,,,,,,,,,,,,,,,,,,,,,,,,,,,,,,,,,,,,,,,,,,,,,,,,,,,,,,,,,,,,,,,,,,,,,,,,,,,,,
ü™ô,dbrx-instruct-preview,1126.0,Databricks,DBRX,1.20,1.20,,,1141,,,,,216,dbrx-instruct,dbrx-instruct,,,,,,,,fireworks_ai,32768,32768,32768,chat,,,,,,,,,,,,,,,,,,,,,,,,,,,,,,,,,,,,,,,,,,,,,,,,,,,,,,,,,,,,,,,,,,,,,,,,,,,,,,,,,,,,,,,,,,,,,,,,,,,,,,,,
ü™ô,wizardlm-70b-v1.0,1126.0,Microsoft,Llama 2,,,,,1093,,,,,217,,,,,,,,,,,,,,,,,,,,,,,,,,,,,,,,,,,,,,,,,,,,,,,,,,,,,,,,,,,,,,,,,,,,,,,,,,,,,,,,,,,,,,,,,,,,,,,,,,,,,,,,,,,,,,,,,,,,,,
ü™ô,llama-2-70b-chat,1122.0,Meta,Llama 2,0.70,2.80,,,1099,,6,40.7,,218,llama-2-70b-chat,llama-2-70b-chat,,,,,,,,perplexity,4096,4096,4096,chat,,,,,,,,,,,,,,,,,,,,,,,,,,,,,,,,,,,,,,,,,,,,,,,,,,,,,,,,,,,,,,,,,,,,,,,,,,,,,,,,,,,,,,,,,,,,,,,,,,,,,,,,
ü™ô,nous-hermes-2-mixtral-8x7b-dpo,1119.0,NousResearch,Apache-2.0,0.50,0.50,,,1103,,,,,219,nous-hermes-2-mixtral-8x7b-dpo,nous-hermes-2-mixtral-8x7b-dpo,,,,,,,,fireworks_ai,32768,32768,32768,chat,,,,,,,,,,,,,,,,,,,,,,,,,,,,,,,,,,,,,,,,,,,,,,,,,,,,,,,,,,,,,,,,,,,,,,,,,,,,,,,,,,,,,,,,,,,,,,,,,,,,,,,,
ü™ô,llama-3.2-3b-instruct,1118.0,Meta,Llama 3.2,0.02,0.02,,,1097,,5,34.7,,220,llama-3.2-3b-instruct,llama-3.2-3b-instruct,,,,,,,,openrouter,131072,16384,,chat,,,,,,,,,,,,,,,,,,,,,,,,,,,,,,,,,,,,,,,,,,,,,,,,,,,,,,,,,,,,,,,,,,,,,,,,,,,,,,,,,,,,,,,,,,,,,,,,,,,,,meta-llama/llama-3.2-3b-instruct,meta-llama/llama-3.2-3b-instruct,meta-llama/llama-3.2-3b-instruct,
ü™ô,phi-3-small-8k-instruct,1117.0,Microsoft,MIT,0.15,0.60,,,1123,,,,,221,phi-3-small-8k-instruct,phi-3-small-8k-instruct,,,,,,,,azure_ai,8192,4096,4096,chat,,,,,,,,,,,False,,,,,,,https://azure.microsoft.com/en-us/pricing/details/phi-3/,,,,,,,,,,,,,,,,,,,,,,,True,,,,,,,,,,,,,,,,,,,,,,,,,,,,,,,,,,,,,,,,,,,,,,,,,,,,,,,,,,,,,,,
ü™ô,openchat-3.5-0106,1114.0,OpenChat,Apache-2.0,,,,,1119,,,,,222,,,,,,,,,,,,,,,,,,,,,,,,,,,,,,,,,,,,,,,,,,,,,,,,,,,,,,,,,,,,,,,,,,,,,,,,,,,,,,,,,,,,,,,,,,,,,,,,,,,,,,,,,,,,,,,,,,,,,,
ü™ô,starling-lm-7b-alpha,1114.0,UC Berkeley,CC-BY-NC-4.0,,,,,1104,,,,,223,,,,,,,,,,,,,,,,,,,,,,,,,,,,,,,,,,,,,,,,,,,,,,,,,,,,,,,,,,,,,,,,,,,,,,,,,,,,,,,,,,,,,,,,,,,,,,,,,,,,,,,,,,,,,,,,,,,,,,
ü™ô,vicuna-33b,1113.0,LMSYS,Non-commercial,0.00,0.00,,,1091,,,,,224,vicuna,vicuna,,,,,,,,ollama,2048,2048,2048,completion,,,,,,,,,,,,,,,,,,,,,,,,,,,,,,,,,,,,,,,,,,,,,,,,,,,,,,,,,,,,,,,,,,,,,,,,,,,,,,,,,,,,,,,,,,,,,,,,,,,,,,,,
ü™ô,deepseek-llm-67b-chat,1111.0,DeepSeek,DeepSeek,,,,,1106,,6,,,225,,,,,,,,,,,,,,,,,,,,,,,,,,,,,,,,,,,,,,,,,,,,,,,,,,,,,,,,,,,,,,,,,,,,,,,,,,,,,,,,,,,,,,,,,,,,,,,,,,,,,,,,,,,,,,,,,,,,,,
ü™ô,snowflake arctic instruct,1109.0,Snowflake,Apache 2.0,,,,,1101,,,,,226,snowflake-arctic,snowflake-arctic,,,,,,,,snowflake,4096,8192,8192,chat,,,,,,,,,,,,,,,,,,,,,,,,,,,,,,,,,,,,,,,,,,,,,,,,,,,,,,,,,,,,,,,,,,,,,,,,,,,,,,,,,,,,,,,,,,,,,,,,,,,,,,,,
ü™ô,granite-3.0-8b-instruct,1108.0,IBM,Apache 2.0,,,,,1115,,,,,227,,,,,,,,,,,,,,,,,,,,,,,,,,,,,,,,,,,,,,,,,,,,,,,,,,,,,,,,,,,,,,,,,,,,,,,,,,,,,,,,,,,,,,,,,,,,,,,,,,,,,,,,,,,,,,,,,,,,,,
ü™ô,nv-llama2-70b-steerlm-chat,1106.0,Nvidia,Llama 2,,,,,1047,,,,,228,,,,,,,,,,,,,,,,,,,,,,,,,,,,,,,,,,,,,,,,,,,,,,,,,,,,,,,,,,,,,,,,,,,,,,,,,,,,,,,,,,,,,,,,,,,,,,,,,,,,,,,,,,,,,,,,,,,,,,
ü™ô,openchat-3.5,1103.0,OpenChat,Apache-2.0,,,,,1077,,,,,229,,,,,,,,,,,,,,,,,,,,,,,,,,,,,,,,,,,,,,,,,,,,,,,,,,,,,,,,,,,,,,,,,,,,,,,,,,,,,,,,,,,,,,,,,,,,,,,,,,,,,,,,,,,,,,,,,,,,,,
ü™ô,gemma-1.1-7b-it,1102.0,Google,Gemma,,,,,1105,,,,,230,,,,,,,,,,,,,,,,,,,,,,,,,,,,,,,,,,,,,,,,,,,,,,,,,,,,,,,,,,,,,,,,,,,,,,,,,,,,,,,,,,,,,,,,,,,,,,,,,,,,,,,,,,,,,,,,,,,,,,
ü™ô,openhermes-2.5-mistral-7b,1100.0,NousResearch,Apache-2.0,,,,,1083,,,,,231,,,,,,,,,,,,,,,,,,,,,,,,,,,,,,,,,,,,,,,,,,,,,,,,,,,,,,,,,,,,,,,,,,,,,,,,,,,,,,,,,,,,,,,,,,,,,,,,,,,,,,,,,,,,,,,,,,,,,,
ü™ô,pplx-70b-online,1099.0,Perplexity AI,Proprietary,0.00,2.80,,,1055,,,,,232,pplx-70b-online,pplx-70b-online,,,,,,,,perplexity,4096,4096,4096,chat,,,,,,,,,,,,,,,,,,,,,,,,,,,,,,,,,,,,,,,,,,,,,,,,,,,,,,,,,,,,,,,,,,,,,,,,,,,,,,,,,,,,,,,,,,,,,,,0.005,,,,,,,,,
ü™ô,mistral-7b-instruct-v0.2,1097.0,Mistral,Apache-2.0,0.20,0.20,,,1094,,1,24.5,,233,mistral-7b-instruct-v0.2,mistral-7b-instruct-v0.2,,,,,,,,openrouter,32768,,,chat,,,,,,,,,,,,,,,,,,,,,,,,,,,,,,,,,,,,,,,,,,,,,,,,,,,,,,,,,,,,,,,,,,,,,,,,,,,,,,,,,,,,,,,,,,,,,,,,,,,,,mistralai/mistral-7b-instruct-v0.2,mistralai/mistral-7b-instruct-v0.2,mistralai/mistral-7b-instruct-v0.2,
ü™ô,llama-2-13b-chat,1093.0,Meta,Llama 2,0.10,0.50,,,1077,,6,40.6,,234,llama-2-13b-chat,llama-2-13b-chat,,,,,,,,replicate,4096,4096,4096,chat,,,,,,,,,,,,,,,,,,,,,,,,,,,,,,,,,,,,,,,,,True,,,,,,,,,,,,,,,,,,,,,,,,,,,,,,,,,,,,,,,,,,,,,,,,,,,,,,,,,,,,,,,
ü™ô,granite-3.0-2b-instruct,1091.0,IBM,Apache 2.0,,,,,1104,,,,,235,,,,,,,,,,,,,,,,,,,,,,,,,,,,,,,,,,,,,,,,,,,,,,,,,,,,,,,,,,,,,,,,,,,,,,,,,,,,,,,,,,,,,,,,,,,,,,,,,,,,,,,,,,,,,,,,,,,,,,
ü™ô,solar-10.7b-instruct-v1.0,1091.0,Upstage AI,CC-BY-NC-4.0,,,,,1073,,,,,236,,,,,,,,,,,,,,,,,,,,,,,,,,,,,,,,,,,,,,,,,,,,,,,,,,,,,,,,,,,,,,,,,,,,,,,,,,,,,,,,,,,,,,,,,,,,,,,,,,,,,,,,,,,,,,,,,,,,,,
ü™ô,qwen1.5-7b-chat,1090.0,Alibaba,Qianwen,,,,,1110,,,,,237,,,,,,,,,,,,,,,,,,,,,,,,,,,,,,,,,,,,,,,,,,,,,,,,,,,,,,,,,,,,,,,,,,,,,,,,,,,,,,,,,,,,,,,,,,,,,,,,,,,,,,,,,,,,,,,,,,,,,,
ü™ô,phi-3-mini-4k-instruct-june-24,1088.0,Microsoft,MIT,,,,,1098,,,,,238,,,,,,,,,,,,,,,,,,,,,,,,,,,,,,,,,,,,,,,,,,,,,,,,,,,,,,,,,,,,,,,,,,,,,,,,,,,,,,,,,,,,,,,,,,,,,,,,,,,,,,,,,,,,,,,,,,,,,,
ü™ô,dolphin-2.2.1-mistral-7b,1088.0,Cognitive,Apache-2.0,,,,,1049,,,,,239,,,,,,,,,,,,,,,,,,,,,,,,,,,,,,,,,,,,,,,,,,,,,,,,,,,,,,,,,,,,,,,,,,,,,,,,,,,,,,,,,,,,,,,,,,,,,,,,,,,,,,,,,,,,,,,,,,,,,,
ü™ô,wizardlm-13b-v1.2,1084.0,Microsoft,Llama 2,,,,,1048,,,,,240,,,,,,,,,,,,,,,,,,,,,,,,,,,,,,,,,,,,,,,,,,,,,,,,,,,,,,,,,,,,,,,,,,,,,,,,,,,,,,,,,,,,,,,,,,,,,,,,,,,,,,,,,,,,,,,,,,,,,,
ü™ô,phi-3-mini-4k-instruct,1082.0,Microsoft,MIT,0.13,0.52,,,1102,,,,,241,phi-3-mini-4k-instruct,phi-3-mini-4k-instruct,,,,,,,,azure_ai,4096,4096,4096,chat,,,,,,,,,,,False,,,,,,,https://azure.microsoft.com/en-us/pricing/details/phi-3/,,,,,,,,,,,,,,,,,,,,,,,True,,,,,,,,,,,,,,,,,,,,,,,,,,,,,,,,,,,,,,,,,,,,,,,,,,,,,,,,,,,,,,,
ü™ô,mpt-30b-chat,1076.0,MosaicML,CC-BY-NC-SA-4.0,,,,,1055,,,,,242,,,,,,,,,,,,,,,,,,,,,,,,,,,,,,,,,,,,,,,,,,,,,,,,,,,,,,,,,,,,,,,,,,,,,,,,,,,,,,,,,,,,,,,,,,,,,,,,,,,,,,,,,,,,,,,,,,,,,,
ü™ô,zephyr-7b-beta,1076.0,HuggingFace,MIT,0.15,0.15,,,1053,,,,,243,zephyr-7b-beta,zephyr-7b-beta,,,,,,,,anyscale,16384,16384,16384,chat,,,,,,,,,,,,,,,,,,,,,,,,,,,,,,,,,,,,,,,,,,,,,,,,,,,,,,,,,,,,,,,,,,,,,,,,,,,,,,,,,,,,,,,,,,,,,,,,,,,,,,,,
ü™ô,codellama-34b-instruct,1073.0,Meta,Llama 2,0.35,1.40,,,1065,,,,,244,codellama-34b-instruct,codellama-34b-instruct,,,,,,,,perplexity,16384,16384,16384,chat,,,,,,,,,,,,,,,,,,,,,,,,,,,,,,,,,,,,,,,,,,,,,,,,,,,,,,,,,,,,,,,,,,,,,,,,,,,,,,,,,,,,,,,,,,,,,,,,,,,,,,,,
ü™ô,llama-3.2-1b-instruct,1067.0,Meta,Llama 3.2,0.10,0.10,,,1063,,1,20,,245,llama-3.2-1b,llama-3.2-1b,,,,,,,,vercel_ai_gateway,128000,8192,8192,chat,,,,,,,,,,,,,,,,,,,,,,,,,,,,,,,,,,,,,,,,,,,,,,,,,,,,,,,,,,,,,,,,,,,,,,,,,,,,,,,,,,,,,,,,,,,,,,,,,,,,,,,,
ü™ô,qwen2.5-vl-32b-instruct,,Alibaba,Apache 2.0,0.05,0.22,,,,1149,,,,246,qwen2.5-vl-32b-instruct,qwen2.5-vl-32b-instruct,,,,,,,,openrouter,16384,16384,,chat,,,,,,,,,,,,,,,,,,,,,,,,,,,,,,,,,,,,,,,,,,,,,,,,,,,,,,,,,,,,,,,,,,,,,,,,,,,,,,,,,,,,,,,,,,,,,,,,,,,,,qwen/qwen2.5-vl-32b-instruct,qwen/qwen2.5-vl-32b-instruct,qwen/qwen2.5-vl-32b-instruct,
ü™ô,step-1o-vision-32k,,StepFun,Proprietary,,,,,,1119,,,,247,,,,,,,,,,,,,,,,,,,,,,,,,,,,,,,,,,,,,,,,,,,,,,,,,,,,,,,,,,,,,,,,,,,,,,,,,,,,,,,,,,,,,,,,,,,,,,,,,,,,,,,,,,,,,,,,,,,,,,
ü™ô,qwen2.5-vl-72b-instruct,,Alibaba,Qwen,0.15,0.60,,,,1104,,,,248,qwen2.5-vl-72b-instruct,qwen2.5-vl-72b-instruct,,,,,,,,openrouter,32768,32768,,chat,,,,,,,,,,,,,,,,,,,,,,,,,,,,,,,,,,,,,,,,,,,,,,,,,,,,,,,,,,,,,,,,,,,,,,,,,,,,,,,,,,,,,,,,,,,,,,,,,,,,,qwen/qwen2.5-vl-72b-instruct,qwen/qwen2.5-vl-72b-instruct,qwen/qwen2.5-vl-72b-instruct,
ü™ô,pixtral-large-2411,,Mistral,MRL,2.00,6.00,,,,1088,24,70.1,,249,pixtral-large-2411,pixtral-large-2411,,,,,,,,openrouter,131072,,,chat,,,,,,,,,,,,,,,,,,,,,,,,,,,,,,,,,,,,,,,,,,,,,,,,,,,,,,,,,,,,,,,,,,,,,,,,,,,,,,,,,,,,,,,,,,,,,,,,,,,,,mistralai/pixtral-large-2411,mistralai/pixtral-large-2411,,
ü™ô,qwen-vl-max-1119,,Alibaba,Proprietary,0.80,3.20,,,,1056,,,,250,qwen-vl-max,qwen-vl-max,,,,,,,,openrouter,131072,32768,,chat,,,,,,,,,,,,,,,,,,,,,,,,,,,,,,,,,,,,,,,,,,,,,,,,,,,,,,,,,,,,,,,,,,,,,,,,,,,,,,,,,,,,,,,,,,,,,,,,,,,,,qwen/qwen-vl-max,qwen/qwen-vl-max-2025-01-25,,
ü™ô,qwen2-vl-72b-instruct,,Alibaba,Qwen,0.90,0.90,,,,1044,,,,251,qwen2-vl-72b-instruct,qwen2-vl-72b-instruct,,,,,,,,fireworks_ai,32768,32768,32768,chat,,,,,,,,,,,,,,,,,,,,,,,,,,,,,,,,,,,,,,,,,,,,,,,,,,,,,,,,,,,,,,,,,,,,,,,,,,,,,,,,,,,,,,,,,,,,,,,,,,,,,,,,
ü™ô,step-1v-32k,,StepFun,Proprietary,,,,,,1043,,,,252,,,,,,,,,,,,,,,,,,,,,,,,,,,,,,,,,,,,,,,,,,,,,,,,,,,,,,,,,,,,,,,,,,,,,,,,,,,,,,,,,,,,,,,,,,,,,,,,,,,,,,,,,,,,,,,,,,,,,,
ü™ô,molmo-72b-0924,,Ai2,Apache 2.0,,,,,,1010,,,,253,,,,,,,,,,,,,,,,,,,,,,,,,,,,,,,,,,,,,,,,,,,,,,,,,,,,,,,,,,,,,,,,,,,,,,,,,,,,,,,,,,,,,,,,,,,,,,,,,,,,,,,,,,,,,,,,,,,,,,
ü™ô,pixtral-12b-2409,,Mistral,Apache 2.0,0.15,0.15,,,,1006,9,47.3,,254,pixtral-12b-2409,pixtral-12b-2409,,,,,,,,mistral,128000,128000,128000,chat,,,,,True,,,,True,,True,,,,,,,,,,,,,,,,,,,,,,,,,,,,,True,True,,,,,,,,,,,,,,,,,,,,,,,,,,,,,,,,,,,,,,,,,,,,,,,,,,,,,,,,,,,,,,,
ü™ô,internvl2-26b,,OpenGVLab,MIT,,,,,,1003,,,,255,,,,,,,,,,,,,,,,,,,,,,,,,,,,,,,,,,,,,,,,,,,,,,,,,,,,,,,,,,,,,,,,,,,,,,,,,,,,,,,,,,,,,,,,,,,,,,,,,,,,,,,,,,,,,,,,,,,,,,
ü™ô,llama-3.2-90b-vision-instruct,,Meta,Llama 3.2,2.04,2.04,,,,997,20,67.1,,256,llama-3.2-90b-vision-instruct,llama-3.2-90b-vision-instruct,,,,,,,,azure_ai,128000,2048,2048,chat,,,,,True,,,,,,True,,,,,,,https://azuremarketplace.microsoft.com/en/marketplace/apps/metagenai.meta-llama-3-2-90b-vision-instruct-offer?tab=Overview,,,,,,,,,,,,,,,,,,,,,,,True,,,,,,,,,,,,,,,,,,,,,,,,,,,,,,,,,,,,,,,,,,,,,,,,,,,,,,,,,,,,,,,
ü™ô,hunyuan-standard-vision-2024-12-31,,Tencent,Proprietary,,,,,,996,,,,257,,,,,,,,,,,,,,,,,,,,,,,,,,,,,,,,,,,,,,,,,,,,,,,,,,,,,,,,,,,,,,,,,,,,,,,,,,,,,,,,,,,,,,,,,,,,,,,,,,,,,,,,,,,,,,,,,,,,,,
ü™ô,aya-vision-32b,,Cohere,CC-BY-NC-4.0,,,,,,992,,,,258,,,,,,,,,,,,,,,,,,,,,,,,,,,,,,,,,,,,,,,,,,,,,,,,,,,,,,,,,,,,,,,,,,,,,,,,,,,,,,,,,,,,,,,,,,,,,,,,,,,,,,,,,,,,,,,,,,,,,,
ü™ô,qwen2-vl-7b-instruct,,Alibaba,Apache 2.0,0.20,0.20,,,,988,,,,259,qwen2-vl-7b-instruct,qwen2-vl-7b-instruct,,,,,,,,fireworks_ai,32768,32768,32768,chat,,,,,,,,,,,,,,,,,,,,,,,,,,,,,,,,,,,,,,,,,,,,,,,,,,,,,,,,,,,,,,,,,,,,,,,,,,,,,,,,,,,,,,,,,,,,,,,,,,,,,,,,
ü™ô,yi-vision,,01 AI,Proprietary,,,,,,978,,,,260,,,,,,,,,,,,,,,,,,,,,,,,,,,,,,,,,,,,,,,,,,,,,,,,,,,,,,,,,,,,,,,,,,,,,,,,,,,,,,,,,,,,,,,,,,,,,,,,,,,,,,,,,,,,,,,,,,,,,,
ü™ô,llama-3.2-11b-vision-instruct,,Meta,Llama 3.2,0.05,0.05,,,,964,11,46.4,,261,llama-3.2-11b-vision-instruct,llama-3.2-11b-vision-instruct,,,,,,,,openrouter,131072,16384,,chat,,,,,,,,,,,,,,,,,,,,,,,,,,,,,,,,,,,,,,,,,,,,,,,,,,,,,,,,,,,,,,,,,,,,,,,,,,,,,,,,,,,,,,,,,,,,,,,,,,,,,meta-llama/llama-3.2-11b-vision-instruct,meta-llama/llama-3.2-11b-vision-instruct,meta-llama/llama-3.2-11b-vision-instruct,
ü™ô,molmo-7b-d-0924,,Ai2,Apache 2.0,,,,,,957,,,,262,,,,,,,,,,,,,,,,,,,,,,,,,,,,,,,,,,,,,,,,,,,,,,,,,,,,,,,,,,,,,,,,,,,,,,,,,,,,,,,,,,,,,,,,,,,,,,,,,,,,,,,,,,,,,,,,,,,,,,
